country,category,parameter,mode,powertrain,year,unit,value,aggregate_group
World,Projection-STEPS,EV stock,2 and 3 wheelers,BEV,2030,Vehicles,170000000.0,_World
World,Projection-STEPS,EV stock,Cars,BEV,2030,Vehicles,150000000.0,_World
China,Projection-STEPS,EV stock,2 and 3 wheelers,BEV,2030,Vehicles,91000000.0,Other
China,Projection-STEPS,EV stock,Cars,BEV,2030,Vehicles,82000000.0,Other
World,Projection-STEPS,EV stock,Cars,PHEV,2030,Vehicles,82000000.0,_World
World,Projection-STEPS,EV stock,2 and 3 wheelers,BEV,2024,Vehicles,79000000.0,_World
World,Projection-STEPS,EV stock,2 and 3 wheelers,BEV,2023,Vehicles,69000000.0,_World
China,Projection-STEPS,EV stock,2 and 3 wheelers,BEV,2024,Vehicles,67000000.0,Other
China,Projection-STEPS,EV stock,2 and 3 wheelers,BEV,2023,Vehicles,60000000.0,Other
China,Projection-STEPS,EV stock,Cars,PHEV,2030,Vehicles,56000000.0,Other
World,Projection-STEPS,EV stock,2 and 3 wheelers,BEV,2022,Vehicles,53000000.0,_World
World,Projection-STEPS,EV stock,2 and 3 wheelers,BEV,2021,Vehicles,48000000.0,_World
China,Projection-STEPS,EV stock,2 and 3 wheelers,BEV,2022,Vehicles,46000000.0,Other
India,Projection-STEPS,EV stock,2 and 3 wheelers,BEV,2030,Vehicles,43000000.0,Other
China,Projection-STEPS,EV stock,2 and 3 wheelers,BEV,2021,Vehicles,42000000.0,Other
World,Projection-STEPS,EV stock,Cars,BEV,2024,Vehicles,39000000.0,_World
World,Projection-STEPS,EV stock,2 and 3 wheelers,BEV,2020,Vehicles,38000000.0,_World
Europe,Projection-STEPS,EV stock,Cars,BEV,2030,Vehicles,35000000.0,Aggregate_sales_stock
China,Projection-STEPS,EV stock,2 and 3 wheelers,BEV,2020,Vehicles,33000000.0,Other
Rest of the world,Projection-STEPS,EV stock,2 and 3 wheelers,BEV,2030,Vehicles,31000000.0,Other
World,Projection-STEPS,EV sales,2 and 3 wheelers,BEV,2030,Vehicles,31000000.0,_World
World,Projection-STEPS,EV stock,Cars,BEV,2023,Vehicles,28000000.0,_World
World,Projection-STEPS,EV sales,Cars,BEV,2030,Vehicles,28000000.0,_World
China,Projection-STEPS,EV stock,Cars,BEV,2024,Vehicles,23000000.0,Other
World,Projection-STEPS,EV stock,Cars,PHEV,2024,Vehicles,19000000.0,_World
World,Projection-STEPS,EV stock,Cars,BEV,2022,Vehicles,18000000.0,_World
Rest of the world,Projection-STEPS,EV stock,Cars,BEV,2030,Vehicles,18000000.0,Other
USA,Projection-STEPS,EV stock,Cars,BEV,2030,Vehicles,17000000.0,Other
China,Projection-STEPS,EV stock,Cars,BEV,2023,Vehicles,16000000.0,Other
Europe,Projection-STEPS,EV stock,Cars,PHEV,2030,Vehicles,15000000.0,Aggregate_sales_stock
China,Projection-STEPS,EV sales,2 and 3 wheelers,BEV,2030,Vehicles,13000000.0,Other
China,Projection-STEPS,EV sales,Cars,BEV,2030,Vehicles,13000000.0,Other
World,Projection-STEPS,EV stock,Cars,PHEV,2023,Vehicles,12000000.0,_World
World,Projection-STEPS,EV sales,Cars,PHEV,2030,Vehicles,12000000.0,_World
China,Projection-STEPS,EV sales,2 and 3 wheelers,BEV,2021,Vehicles,11000000.0,Other
China,Projection-STEPS,EV stock,Cars,BEV,2022,Vehicles,11000000.0,Other
China,Projection-STEPS,EV stock,Cars,PHEV,2024,Vehicles,11000000.0,Other
World,Projection-STEPS,EV sales,2 and 3 wheelers,BEV,2021,Vehicles,11000000.0,_World
World,Projection-STEPS,EV sales,Cars,BEV,2024,Vehicles,11000000.0,_World
World,Projection-STEPS,EV stock,Cars,BEV,2021,Vehicles,11000000.0,_World
World,Projection-STEPS,EV stock,Vans,BEV,2030,Vehicles,11000000.0,_World
World,Projection-STEPS,EV sales,2 and 3 wheelers,BEV,2023,Vehicles,10000000.0,_World
World,Projection-STEPS,EV sales,2 and 3 wheelers,BEV,2024,Vehicles,10000000.0,_World
World,Projection-STEPS,EV sales,2 and 3 wheelers,BEV,2022,Vehicles,9800000.0,_World
World,Projection-STEPS,EV sales,Cars,BEV,2023,Vehicles,9500000.0,_World
World,Projection-STEPS,EV charging points,EV,Publicly available slow,2030,charging points,9100000.0,_World
India,Projection-STEPS,EV sales,2 and 3 wheelers,BEV,2030,Vehicles,9000000.0,Other
World,Projection-STEPS,EV sales,2 and 3 wheelers,BEV,2020,Vehicles,8800000.0,_World
Europe,Projection-STEPS,EV stock,Cars,BEV,2024,Vehicles,8700000.0,Aggregate_sales_stock
China,Projection-STEPS,EV sales,2 and 3 wheelers,BEV,2020,Vehicles,8200000.0,Other
China,Projection-STEPS,EV sales,Cars,PHEV,2030,Vehicles,8200000.0,Other
China,Projection-STEPS,EV sales,2 and 3 wheelers,BEV,2022,Vehicles,8000000.0,Other
World,Projection-STEPS,EV stock,Cars,PHEV,2022,Vehicles,8000000.0,_World
Europe,Projection-STEPS,EV sales,Cars,BEV,2030,Vehicles,8000000.0,Aggregate_sales_stock
World,Projection-STEPS,EV charging points,EV,Publicly available fast,2030,charging points,8000000.0,_World
China,Projection-STEPS,EV sales,2 and 3 wheelers,BEV,2023,Vehicles,7800000.0,Other
Rest of the world,Projection-STEPS,EV sales,2 and 3 wheelers,BEV,2030,Vehicles,7800000.0,Other
World,Projection-STEPS,EV sales,Cars,BEV,2022,Vehicles,7300000.0,_World
China,Projection-STEPS,EV sales,2 and 3 wheelers,BEV,2024,Vehicles,7200000.0,Other
World,Projection-STEPS,EV stock,Cars,BEV,2020,Vehicles,6800000.0,_World
Europe,Projection-STEPS,EV stock,Cars,BEV,2023,Vehicles,6700000.0,Aggregate_sales_stock
India,Projection-STEPS,EV stock,2 and 3 wheelers,BEV,2024,Vehicles,6600000.0,Other
Rest of the world,Projection-STEPS,EV stock,Cars,PHEV,2030,Vehicles,6600000.0,Other
China,Projection-STEPS,EV charging points,EV,Publicly available fast,2030,charging points,6600000.0,Other
World,Projection-STEPS,EV sales,Cars,PHEV,2024,Vehicles,6500000.0,_World
China,Projection-STEPS,EV sales,Cars,BEV,2024,Vehicles,6400000.0,Other
China,Projection-STEPS,EV stock,Cars,BEV,2021,Vehicles,6200000.0,Other
China,Projection-STEPS,EV charging points,EV,Publicly available slow,2030,charging points,6000000.0,Other
China,Projection-STEPS,EV stock,Cars,PHEV,2023,Vehicles,5800000.0,Other
China,Projection-STEPS,EV sales,Cars,BEV,2023,Vehicles,5400000.0,Other
Europe,Projection-STEPS,EV stock,Cars,PHEV,2024,Vehicles,5400000.0,Aggregate_sales_stock
World,Projection-STEPS,EV stock,Cars,PHEV,2021,Vehicles,5300000.0,_World
Europe,Projection-STEPS,EV stock,2 and 3 wheelers,BEV,2030,Vehicles,5000000.0,Aggregate_sales_stock
China,Projection-STEPS,EV sales,Cars,PHEV,2024,Vehicles,4900000.0,Other
India,Projection-STEPS,EV stock,2 and 3 wheelers,BEV,2023,Vehicles,4700000.0,Other
USA,Projection-STEPS,EV stock,Cars,BEV,2024,Vehicles,4700000.0,Other
World,Projection-STEPS,EV sales,Cars,BEV,2021,Vehicles,4700000.0,_World
China,Projection-STEPS,EV stock,Vans,BEV,2030,Vehicles,4700000.0,Other
Europe,Projection-STEPS,EV stock,Cars,PHEV,2023,Vehicles,4500000.0,Aggregate_sales_stock
Rest of the world,Projection-STEPS,EV stock,2 and 3 wheelers,BEV,2024,Vehicles,4500000.0,Other
USA,Projection-STEPS,EV stock,Cars,PHEV,2030,Vehicles,4500000.0,Other
China,Projection-STEPS,EV sales,Cars,BEV,2022,Vehicles,4400000.0,Other
Europe,Projection-STEPS,EV stock,Cars,BEV,2022,Vehicles,4400000.0,Aggregate_sales_stock
Rest of the world,Projection-STEPS,EV sales,Cars,BEV,2030,Vehicles,4300000.0,Other
World,Projection-STEPS,EV sales,Cars,PHEV,2023,Vehicles,4200000.0,_World
Rest of the world,Projection-STEPS,EV stock,2 and 3 wheelers,BEV,2023,Vehicles,3900000.0,Other
Europe,Projection-STEPS,EV stock,Vans,BEV,2030,Vehicles,3900000.0,Aggregate_sales_stock
China,Projection-STEPS,EV stock,Cars,BEV,2020,Vehicles,3500000.0,Other
USA,Projection-STEPS,EV stock,Cars,BEV,2023,Vehicles,3500000.0,Other
Europe,Projection-STEPS,EV stock,Cars,PHEV,2022,Vehicles,3400000.0,Aggregate_sales_stock
Rest of the world,Projection-STEPS,EV stock,2 and 3 wheelers,BEV,2022,Vehicles,3400000.0,Other
World,Projection-STEPS,EV stock,Cars,PHEV,2020,Vehicles,3400000.0,_World
World,Projection-STEPS,EV charging points,EV,Publicly available slow,2024,charging points,3400000.0,_World
India,Projection-STEPS,EV stock,2 and 3 wheelers,BEV,2022,Vehicles,3200000.0,Other
World,Projection-STEPS,EV stock,Trucks,BEV,2030,Vehicles,3200000.0,_World
China,Projection-STEPS,EV stock,Cars,PHEV,2022,Vehicles,3100000.0,Other
Europe,Projection-STEPS,EV stock,Cars,BEV,2021,Vehicles,2900000.0,Aggregate_sales_stock
World,Projection-STEPS,EV sales,Cars,PHEV,2022,Vehicles,2900000.0,_World
Rest of the world,Projection-STEPS,EV stock,2 and 3 wheelers,BEV,2021,Vehicles,2800000.0,Other
China,Projection-STEPS,EV sales,Cars,BEV,2021,Vehicles,2700000.0,Other
China,Projection-STEPS,EV sales,Cars,PHEV,2023,Vehicles,2700000.0,Other
India,Projection-STEPS,EV stock,2 and 3 wheelers,BEV,2021,Vehicles,2700000.0,Other
USA,Projection-STEPS,EV sales,Cars,BEV,2030,Vehicles,2700000.0,Other
Rest of the world,Projection-STEPS,EV stock,Cars,BEV,2024,Vehicles,2600000.0,Other
World,Projection-STEPS,EV charging points,EV,Publicly available slow,2023,charging points,2600000.0,_World
Europe,Projection-STEPS,EV stock,Cars,PHEV,2021,Vehicles,2500000.0,Aggregate_sales_stock
China,Projection-STEPS,EV stock,Trucks,BEV,2030,Vehicles,2400000.0,Other
World,Projection-STEPS,EV sales,Vans,BEV,2030,Vehicles,2400000.0,_World
Rest of the world,Projection-STEPS,EV stock,2 and 3 wheelers,BEV,2020,Vehicles,2300000.0,Other
India,Projection-STEPS,EV stock,Cars,BEV,2030,Vehicles,2300000.0,Other
Europe,Projection-STEPS,EV sales,Cars,BEV,2023,Vehicles,2200000.0,Aggregate_sales_stock
Europe,Projection-STEPS,EV sales,Cars,BEV,2024,Vehicles,2200000.0,Aggregate_sales_stock
India,Projection-STEPS,EV stock,2 and 3 wheelers,BEV,2020,Vehicles,2200000.0,Other
World,Projection-STEPS,EV stock,Buses,BEV,2030,Vehicles,2200000.0,_World
USA,Projection-STEPS,EV stock,Cars,BEV,2022,Vehicles,2100000.0,Other
World,Projection-STEPS,EV sales,Cars,BEV,2020,Vehicles,2000000.0,_World
World,Projection-STEPS,EV charging points,EV,Publicly available fast,2024,charging points,2000000.0,_World
India,Projection-STEPS,EV sales,2 and 3 wheelers,BEV,2024,Vehicles,1900000.0,Other
World,Projection-STEPS,EV stock,Vans,BEV,2024,Vehicles,1900000.0,_World
World,Projection-STEPS,EV sales,Cars,PHEV,2021,Vehicles,1900000.0,_World
China,Projection-STEPS,EV charging points,EV,Publicly available slow,2024,charging points,1900000.0,Other
World,Projection-STEPS,EV charging points,EV,Publicly available slow,2022,charging points,1800000.0,_World
Europe,Projection-STEPS,EV stock,Cars,BEV,2020,Vehicles,1700000.0,Aggregate_sales_stock
Rest of the world,Projection-STEPS,EV stock,Cars,BEV,2023,Vehicles,1700000.0,Other
China,Projection-STEPS,EV stock,Cars,PHEV,2021,Vehicles,1600000.0,Other
Europe,Projection-STEPS,EV sales,Cars,BEV,2022,Vehicles,1600000.0,Aggregate_sales_stock
USA,Projection-STEPS,EV stock,Cars,PHEV,2024,Vehicles,1600000.0,Other
Rest of the world,Projection-STEPS,EV stock,Vans,BEV,2030,Vehicles,1600000.0,Other
Europe,Projection-STEPS,EV charging points,EV,Publicly available slow,2030,charging points,1600000.0,Aggregate_sales_stock
China,Projection-STEPS,EV charging points,EV,Publicly available fast,2024,charging points,1600000.0,Other
China,Projection-STEPS,EV sales,Cars,PHEV,2022,Vehicles,1500000.0,Other
India,Projection-STEPS,EV sales,2 and 3 wheelers,BEV,2023,Vehicles,1500000.0,Other
USA,Projection-STEPS,EV stock,Cars,BEV,2021,Vehicles,1500000.0,Other
China,Projection-STEPS,EV stock,Buses,BEV,2030,Vehicles,1500000.0,Other
Europe,Projection-STEPS,EV sales,Cars,PHEV,2030,Vehicles,1500000.0,Aggregate_sales_stock
Rest of the world,Projection-STEPS,EV sales,Cars,PHEV,2030,Vehicles,1500000.0,Other
China,Projection-STEPS,EV charging points,EV,Publicly available slow,2023,charging points,1500000.0,Other
Europe,Projection-STEPS,EV stock,Cars,PHEV,2020,Vehicles,1400000.0,Aggregate_sales_stock
World,Projection-STEPS,EV charging points,EV,Publicly available fast,2023,charging points,1400000.0,_World
USA,Projection-STEPS,EV stock,Cars,PHEV,2023,Vehicles,1300000.0,Other
World,Projection-STEPS,EV stock,Vans,BEV,2023,Vehicles,1300000.0,_World
Europe,Projection-STEPS,EV sales,Cars,BEV,2021,Vehicles,1200000.0,Aggregate_sales_stock
USA,Projection-STEPS,EV sales,Cars,BEV,2024,Vehicles,1200000.0,Other
China,Projection-STEPS,EV charging points,EV,Publicly available fast,2023,charging points,1200000.0,Other
World,Projection-STEPS,EV charging points,EV,Publicly available slow,2021,charging points,1200000.0,_World
China,Projection-STEPS,EV stock,Vans,BEV,2024,Vehicles,1100000.0,Other
Europe,Projection-STEPS,EV sales,Cars,PHEV,2021,Vehicles,1100000.0,Aggregate_sales_stock
USA,Projection-STEPS,EV sales,Cars,BEV,2023,Vehicles,1100000.0,Other
USA,Projection-STEPS,EV stock,Cars,BEV,2020,Vehicles,1100000.0,Other
Europe,Projection-STEPS,EV stock,2 and 3 wheelers,BEV,2024,Vehicles,1000000.0,Aggregate_sales_stock
Europe,Projection-STEPS,EV sales,Cars,PHEV,2022,Vehicles,1000000.0,Aggregate_sales_stock
Europe,Projection-STEPS,EV sales,Cars,PHEV,2023,Vehicles,1000000.0,Aggregate_sales_stock
Rest of the world,Projection-STEPS,EV stock,Cars,BEV,2022,Vehicles,1000000.0,Other
Rest of the world,Projection-STEPS,EV stock,Cars,PHEV,2024,Vehicles,1000000.0,Other
China,Projection-STEPS,EV charging points,EV,Publicly available slow,2022,charging points,1000000.0,Other
China,Projection-STEPS,EV stock,Cars,PHEV,2020,Vehicles,990000.0,Other
Europe,Projection-STEPS,EV sales,Cars,PHEV,2024,Vehicles,980000.0,Aggregate_sales_stock
India,Projection-STEPS,EV sales,2 and 3 wheelers,BEV,2022,Vehicles,980000.0,Other
World,Projection-STEPS,EV sales,Cars,PHEV,2020,Vehicles,970000.0,_World
Europe,Projection-STEPS,EV sales,2 and 3 wheelers,BEV,2030,Vehicles,970000.0,Aggregate_sales_stock
Europe,Projection-STEPS,EV sales,Vans,BEV,2030,Vehicles,930000.0,Aggregate_sales_stock
China,Projection-STEPS,EV sales,Cars,BEV,2020,Vehicles,920000.0,Other
Rest of the world,Projection-STEPS,EV sales,Cars,BEV,2024,Vehicles,910000.0,Other
USA,Projection-STEPS,EV stock,Cars,PHEV,2022,Vehicles,910000.0,Other
World,Projection-STEPS,EV charging points,EV,Publicly available fast,2022,charging points,910000.0,_World
World,Projection-STEPS,EV stock,Vans,BEV,2022,Vehicles,900000.0,_World
World,Projection-STEPS,EV charging points,EV,Publicly available slow,2020,charging points,890000.0,_World
Rest of the world,Projection-STEPS,EV charging points,EV,Publicly available slow,2030,charging points,860000.0,Other
China,Projection-STEPS,EV sales,Vans,BEV,2030,Vehicles,850000.0,Other
Europe,Projection-STEPS,EV stock,2 and 3 wheelers,BEV,2023,Vehicles,840000.0,Aggregate_sales_stock
World,Projection-STEPS,EV sales,Trucks,BEV,2030,Vehicles,840000.0,_World
Europe,Projection-STEPS,EV charging points,EV,Publicly available slow,2024,charging points,810000.0,Aggregate_sales_stock
USA,Projection-STEPS,EV sales,Cars,BEV,2022,Vehicles,800000.0,Other
China,Projection-STEPS,EV charging points,EV,Publicly available fast,2022,charging points,760000.0,Other
Europe,Projection-STEPS,EV sales,Cars,BEV,2020,Vehicles,750000.0,Aggregate_sales_stock
Rest of the world,Projection-STEPS,EV stock,Cars,PHEV,2023,Vehicles,740000.0,Other
World,Projection-STEPS,EV stock,Buses,BEV,2024,Vehicles,730000.0,_World
USA,Projection-STEPS,EV stock,Cars,PHEV,2021,Vehicles,720000.0,Other
Europe,Projection-STEPS,EV charging points,EV,Publicly available fast,2030,charging points,710000.0,Aggregate_sales_stock
USA,Projection-STEPS,EV stock,Vans,BEV,2030,Vehicles,700000.0,Other
Europe,Projection-STEPS,EV stock,2 and 3 wheelers,BEV,2022,Vehicles,690000.0,Aggregate_sales_stock
China,Projection-STEPS,EV stock,Vans,BEV,2023,Vehicles,680000.0,Other
Rest of the world,Projection-STEPS,EV sales,Cars,BEV,2023,Vehicles,680000.0,Other
China,Projection-STEPS,EV charging points,EV,Publicly available slow,2021,charging points,680000.0,Other
USA,Projection-STEPS,EV sales,Cars,PHEV,2030,Vehicles,670000.0,Other
World,Projection-STEPS,EV stock,Buses,BEV,2023,Vehicles,660000.0,_World
China,Projection-STEPS,EV stock,Buses,BEV,2024,Vehicles,650000.0,Other
Rest of the world,Projection-STEPS,EV stock,Cars,BEV,2021,Vehicles,650000.0,Other
USA,Projection-STEPS,EV stock,Cars,PHEV,2020,Vehicles,640000.0,Other
World,Projection-STEPS,EV sales,Vans,BEV,2024,Vehicles,640000.0,_World
Europe,Projection-STEPS,EV sales,Cars,PHEV,2020,Vehicles,630000.0,Aggregate_sales_stock
World,Projection-STEPS,EV stock,Vans,BEV,2021,Vehicles,620000.0,_World
Rest of the world,Projection-STEPS,EV sales,2 and 3 wheelers,BEV,2022,Vehicles,610000.0,Other
Rest of the world,Projection-STEPS,EV sales,2 and 3 wheelers,BEV,2024,Vehicles,610000.0,Other
World,Projection-STEPS,EV stock,Buses,BEV,2022,Vehicles,610000.0,_World
India,Projection-STEPS,EV sales,Cars,BEV,2030,Vehicles,610000.0,Other
Europe,Projection-STEPS,EV charging points,EV,Publicly available slow,2023,charging points,610000.0,Aggregate_sales_stock
China,Projection-STEPS,EV stock,Buses,BEV,2023,Vehicles,600000.0,Other
China,Projection-STEPS,EV sales,Trucks,BEV,2030,Vehicles,600000.0,Other
World,Projection-STEPS,EV stock,Vans,PHEV,2030,Vehicles,580000.0,_World
China,Projection-STEPS,EV stock,Buses,BEV,2022,Vehicles,570000.0,Other
World,Projection-STEPS,EV charging points,EV,Publicly available fast,2021,charging points,570000.0,_World
China,Projection-STEPS,EV sales,Cars,PHEV,2021,Vehicles,550000.0,Other
Rest of the world,Projection-STEPS,EV sales,2 and 3 wheelers,BEV,2023,Vehicles,550000.0,Other
Rest of the world,Projection-STEPS,EV stock,Cars,PHEV,2022,Vehicles,550000.0,Other
World,Projection-STEPS,EV stock,Buses,BEV,2021,Vehicles,550000.0,_World
China,Projection-STEPS,EV stock,Buses,BEV,2021,Vehicles,530000.0,Other
Europe,Projection-STEPS,EV stock,Vans,BEV,2024,Vehicles,530000.0,Aggregate_sales_stock
Rest of the world,Projection-STEPS,EV sales,2 and 3 wheelers,BEV,2021,Vehicles,530000.0,Other
Europe,Projection-STEPS,EV stock,2 and 3 wheelers,BEV,2021,Vehicles,500000.0,Aggregate_sales_stock
World,Projection-STEPS,EV stock,Buses,BEV,2020,Vehicles,500000.0,_World
China,Projection-STEPS,EV charging points,EV,Publicly available slow,2020,charging points,500000.0,Other
China,Projection-STEPS,EV stock,Buses,BEV,2020,Vehicles,480000.0,Other
USA,Projection-STEPS,EV sales,Cars,BEV,2021,Vehicles,470000.0,Other
China,Projection-STEPS,EV charging points,EV,Publicly available fast,2021,charging points,470000.0,Other
China,Projection-STEPS,EV stock,Vans,BEV,2022,Vehicles,460000.0,Other
World,Projection-STEPS,EV stock,Vans,BEV,2020,Vehicles,460000.0,_World
Europe,Projection-STEPS,EV stock,Trucks,BEV,2030,Vehicles,460000.0,Aggregate_sales_stock
Europe,Projection-STEPS,EV charging points,EV,Publicly available slow,2022,charging points,460000.0,Aggregate_sales_stock
Rest of the world,Projection-STEPS,EV charging points,EV,Publicly available slow,2024,charging points,460000.0,Other
China,Projection-STEPS,EV sales,Vans,BEV,2024,Vehicles,450000.0,Other
Rest of the world,Projection-STEPS,EV stock,Cars,BEV,2020,Vehicles,450000.0,Other
World,Projection-STEPS,EV sales,Vans,BEV,2023,Vehicles,450000.0,_World
Rest of the world,Projection-STEPS,EV stock,Cars,PHEV,2021,Vehicles,440000.0,Other
Rest of the world,Projection-STEPS,EV sales,2 and 3 wheelers,BEV,2020,Vehicles,430000.0,Other
World,Projection-STEPS,Electricity demand,Cars,EV,2030,GWh,420000.0,_World
Rest of the world,Projection-STEPS,EV sales,Vans,BEV,2030,Vehicles,420000.0,Other
Europe,Projection-STEPS,EV stock,Vans,BEV,2023,Vehicles,410000.0,Aggregate_sales_stock
Rest of the world,Projection-STEPS,EV sales,Cars,BEV,2022,Vehicles,400000.0,Other
World,Projection-STEPS,EV stock,Trucks,BEV,2024,Vehicles,400000.0,_World
World,Projection-STEPS,EV charging points,EV,Publicly available fast,2020,charging points,380000.0,_World
Rest of the world,Projection-STEPS,EV stock,Buses,BEV,2030,Vehicles,370000.0,Other
China,Projection-STEPS,EV stock,Trucks,BEV,2024,Vehicles,360000.0,Other
Europe,Projection-STEPS,EV stock,2 and 3 wheelers,BEV,2020,Vehicles,360000.0,Aggregate_sales_stock
Rest of the world,Projection-STEPS,EV charging points,EV,Publicly available slow,2023,charging points,340000.0,Other
China,Projection-STEPS,EV stock,Vans,BEV,2021,Vehicles,330000.0,Other
Rest of the world,Projection-STEPS,EV stock,Cars,PHEV,2020,Vehicles,330000.0,Other
World,Projection-STEPS,EV sales,Buses,BEV,2030,Vehicles,330000.0,_World
USA,Projection-STEPS,EV charging points,EV,Publicly available slow,2030,charging points,330000.0,Other
India,Projection-STEPS,EV sales,2 and 3 wheelers,BEV,2021,Vehicles,320000.0,Other
USA,Projection-STEPS,EV sales,Cars,PHEV,2024,Vehicles,320000.0,Other
World,Projection-STEPS,EV sales,Vans,BEV,2022,Vehicles,310000.0,_World
World,Projection-STEPS,EV stock,Trucks,BEV,2023,Vehicles,310000.0,_World
China,Projection-STEPS,EV charging points,EV,Publicly available fast,2020,charging points,310000.0,Other
Europe,Projection-STEPS,EV charging points,EV,Publicly available slow,2021,charging points,300000.0,Aggregate_sales_stock
China,Projection-STEPS,EV stock,Trucks,BEV,2023,Vehicles,290000.0,Other
Rest of the world,Projection-STEPS,EV sales,Cars,PHEV,2024,Vehicles,290000.0,Other
USA,Projection-STEPS,EV sales,Cars,PHEV,2023,Vehicles,290000.0,Other
Europe,Projection-STEPS,EV stock,Vans,BEV,2022,Vehicles,280000.0,Aggregate_sales_stock
Rest of the world,Projection-STEPS,EV charging points,EV,Publicly available fast,2030,charging points,280000.0,Other
China,Projection-STEPS,EV stock,Vans,BEV,2020,Vehicles,270000.0,Other
World,Projection-STEPS,EV stock,Vans,FCEV,2030,Vehicles,270000.0,_World
World,Projection-STEPS,EV stock,Trucks,BEV,2022,Vehicles,260000.0,_World
China,Projection-STEPS,EV stock,Trucks,BEV,2022,Vehicles,250000.0,Other
China,Projection-STEPS,EV sales,Vans,BEV,2023,Vehicles,240000.0,Other
India,Projection-STEPS,EV stock,Cars,BEV,2024,Vehicles,240000.0,Other
Rest of the world,Projection-STEPS,EV charging points,EV,Publicly available slow,2022,charging points,240000.0,Other
Europe,Projection-STEPS,EV sales,2 and 3 wheelers,BEV,2024,Vehicles,230000.0,Aggregate_sales_stock
USA,Projection-STEPS,EV sales,Cars,BEV,2020,Vehicles,230000.0,Other
World,Projection-STEPS,EV stock,Trucks,BEV,2021,Vehicles,230000.0,_World
China,Projection-STEPS,EV sales,Cars,PHEV,2020,Vehicles,220000.0,Other
China,Projection-STEPS,EV stock,Trucks,BEV,2021,Vehicles,220000.0,Other
Rest of the world,Projection-STEPS,EV stock,Vans,BEV,2024,Vehicles,220000.0,Other
India,Projection-STEPS,EV stock,Vans,BEV,2030,Vehicles,220000.0,Other
World,Projection-STEPS,EV stock,Cars,FCEV,2030,Vehicles,220000.0,_World
India,Projection-STEPS,EV charging points,EV,Publicly available slow,2030,charging points,220000.0,Other
USA,Projection-STEPS,EV charging points,EV,Publicly available fast,2030,charging points,220000.0,Other
Europe,Projection-STEPS,EV charging points,EV,Publicly available slow,2020,charging points,220000.0,Aggregate_sales_stock
China,Projection-STEPS,EV stock,Trucks,BEV,2020,Vehicles,210000.0,Other
Europe,Projection-STEPS,EV stock,Vans,BEV,2021,Vehicles,210000.0,Aggregate_sales_stock
World,Projection-STEPS,EV stock,Trucks,BEV,2020,Vehicles,210000.0,_World
World,Projection-STEPS,"Oil displacement, million lge",Cars,EV,2030,"Oil displacement, million lge",210000.0,_World
China,Projection-STEPS,Electricity demand,Cars,EV,2030,GWh,210000.0,Other
Europe,Projection-STEPS,EV stock,Buses,BEV,2030,Vehicles,210000.0,Aggregate_sales_stock
Europe,Projection-STEPS,EV stock,Vans,PHEV,2030,Vehicles,210000.0,Aggregate_sales_stock
Europe,Projection-STEPS,EV sales,2 and 3 wheelers,BEV,2023,Vehicles,200000.0,Aggregate_sales_stock
Rest of the world,Projection-STEPS,EV sales,Cars,BEV,2021,Vehicles,200000.0,Other
Rest of the world,Projection-STEPS,EV sales,Cars,PHEV,2023,Vehicles,200000.0,Other
USA,Projection-STEPS,EV sales,Cars,PHEV,2022,Vehicles,190000.0,Other
World,Projection-STEPS,Electricity demand,Trucks,EV,2030,GWh,190000.0,_World
China,Projection-STEPS,EV stock,Vans,PHEV,2030,Vehicles,190000.0,Other
India,Projection-STEPS,EV stock,Cars,PHEV,2030,Vehicles,190000.0,Other
USA,Projection-STEPS,EV stock,Trucks,BEV,2030,Vehicles,190000.0,Other
Europe,Projection-STEPS,EV sales,2 and 3 wheelers,BEV,2022,Vehicles,180000.0,Aggregate_sales_stock
USA,Projection-STEPS,EV sales,Vans,BEV,2030,Vehicles,180000.0,Other
Europe,Projection-STEPS,EV charging points,EV,Publicly available fast,2024,charging points,180000.0,Aggregate_sales_stock
China,Projection-STEPS,EV sales,Vans,BEV,2022,Vehicles,170000.0,Other
Rest of the world,Projection-STEPS,EV stock,Vans,BEV,2023,Vehicles,170000.0,Other
USA,Projection-STEPS,EV sales,Cars,PHEV,2021,Vehicles,160000.0,Other
World,Projection-STEPS,EV sales,Vans,BEV,2021,Vehicles,160000.0,_World
USA,Projection-STEPS,EV stock,2 and 3 wheelers,BEV,2030,Vehicles,160000.0,Other
India,Projection-STEPS,EV charging points,EV,Publicly available fast,2030,charging points,160000.0,Other
Europe,Projection-STEPS,EV stock,Vans,BEV,2020,Vehicles,150000.0,Aggregate_sales_stock
India,Projection-STEPS,EV stock,Cars,BEV,2023,Vehicles,150000.0,Other
Rest of the world,Projection-STEPS,EV stock,Vans,BEV,2022,Vehicles,140000.0,Other
India,Projection-STEPS,EV stock,Buses,BEV,2030,Vehicles,140000.0,Other
Rest of the world,Projection-STEPS,EV stock,Vans,PHEV,2030,Vehicles,140000.0,Other
World,Projection-STEPS,EV sales,Vans,PHEV,2030,Vehicles,140000.0,_World
World,Projection-STEPS,EV stock,Trucks,FCEV,2030,Vehicles,140000.0,_World
Rest of the world,Projection-STEPS,EV charging points,EV,Publicly available slow,2021,charging points,140000.0,Other
USA,Projection-STEPS,EV charging points,EV,Publicly available slow,2024,charging points,140000.0,Other
Europe,Projection-STEPS,EV sales,Vans,BEV,2023,Vehicles,130000.0,Aggregate_sales_stock
China,Projection-STEPS,EV sales,Buses,BEV,2030,Vehicles,130000.0,Other
Europe,Projection-STEPS,EV sales,Trucks,BEV,2030,Vehicles,130000.0,Aggregate_sales_stock
Rest of the world,Projection-STEPS,EV stock,Trucks,BEV,2030,Vehicles,130000.0,Other
Europe,Projection-STEPS,EV sales,2 and 3 wheelers,BEV,2021,Vehicles,120000.0,Aggregate_sales_stock
India,Projection-STEPS,EV sales,2 and 3 wheelers,BEV,2020,Vehicles,120000.0,Other
Rest of the world,Projection-STEPS,EV sales,Cars,PHEV,2022,Vehicles,120000.0,Other
China,Projection-STEPS,"Oil displacement, million lge",Cars,EV,2030,"Oil displacement, million lge",120000.0,Other
China,Projection-STEPS,Electricity demand,Trucks,EV,2030,GWh,120000.0,Other
Europe,Projection-STEPS,EV charging points,EV,Publicly available fast,2023,charging points,120000.0,Aggregate_sales_stock
USA,Projection-STEPS,EV charging points,EV,Publicly available slow,2023,charging points,120000.0,Other
Europe,Projection-STEPS,EV sales,Vans,BEV,2024,Vehicles,110000.0,Aggregate_sales_stock
Rest of the world,Projection-STEPS,EV sales,Cars,BEV,2020,Vehicles,110000.0,Other
Rest of the world,Projection-STEPS,EV sales,Cars,PHEV,2021,Vehicles,110000.0,Other
World,Projection-STEPS,Electricity demand,Cars,EV,2024,GWh,110000.0,_World
India,Projection-STEPS,EV sales,Cars,PHEV,2030,Vehicles,110000.0,Other
Rest of the world,Projection-STEPS,EV sales,Buses,BEV,2030,Vehicles,110000.0,Other
USA,Projection-STEPS,EV charging points,EV,Publicly available slow,2022,charging points,100000.0,Other
Rest of the world,Projection-STEPS,EV charging points,EV,Publicly available fast,2024,charging points,97000.0,Other
Europe,Projection-STEPS,EV sales,2 and 3 wheelers,BEV,2020,Vehicles,96000.0,Aggregate_sales_stock
China,Projection-STEPS,EV stock,Vans,FCEV,2030,Vehicles,94000.0,Other
World,Projection-STEPS,EV stock,Buses,FCEV,2030,Vehicles,94000.0,_World
World,Projection-STEPS,EV sales,Trucks,BEV,2024,Vehicles,93000.0,_World
India,Projection-STEPS,EV sales,Cars,BEV,2024,Vehicles,92000.0,Other
Rest of the world,Projection-STEPS,EV charging points,EV,Publicly available slow,2020,charging points,92000.0,Other
USA,Projection-STEPS,EV charging points,EV,Publicly available slow,2021,charging points,91000.0,Other
Rest of the world,Projection-STEPS,EV stock,Cars,FCEV,2030,Vehicles,87000.0,Other
Europe,Projection-STEPS,EV sales,Vans,BEV,2022,Vehicles,86000.0,Aggregate_sales_stock
China,Projection-STEPS,EV stock,Trucks,FCEV,2030,Vehicles,86000.0,Other
India,Projection-STEPS,EV sales,Cars,BEV,2023,Vehicles,82000.0,Other
Europe,Projection-STEPS,Electricity demand,Cars,EV,2030,GWh,82000.0,Aggregate_sales_stock
USA,Projection-STEPS,EV charging points,EV,Publicly available slow,2020,charging points,81000.0,Other
World,Projection-STEPS,EV sales,Vans,BEV,2020,Vehicles,80000.0,_World
World,Projection-STEPS,Electricity demand,Buses,EV,2030,GWh,80000.0,_World
China,Projection-STEPS,EV stock,Cars,FCEV,2030,Vehicles,78000.0,Other
Europe,Projection-STEPS,EV charging points,EV,Publicly available fast,2022,charging points,77000.0,Aggregate_sales_stock
China,Projection-STEPS,EV sales,Trucks,BEV,2024,Vehicles,76000.0,Other
World,Projection-STEPS,EV sales,Vans,FCEV,2030,Vehicles,76000.0,_World
India,Projection-STEPS,EV stock,Cars,BEV,2022,Vehicles,72000.0,Other
Rest of the world,Projection-STEPS,EV charging points,EV,Publicly available fast,2023,charging points,72000.0,Other
China,Projection-STEPS,EV sales,Vans,BEV,2021,Vehicles,71000.0,Other
World,Projection-STEPS,EV sales,Buses,BEV,2024,Vehicles,70000.0,_World
World,Projection-STEPS,EV stock,Cars,FCEV,2024,Vehicles,70000.0,_World
USA,Projection-STEPS,Electricity demand,Cars,EV,2030,GWh,70000.0,Other
World,Projection-STEPS,EV stock,Cars,FCEV,2023,Vehicles,66000.0,_World
Rest of the world,Projection-STEPS,EV stock,Vans,BEV,2021,Vehicles,64000.0,Other
USA,Projection-STEPS,EV sales,Cars,PHEV,2020,Vehicles,64000.0,Other
World,Projection-STEPS,EV stock,Buses,PHEV,2030,Vehicles,64000.0,_World
World,Projection-STEPS,EV sales,Buses,BEV,2020,Vehicles,63000.0,_World
USA,Projection-STEPS,EV sales,Trucks,BEV,2030,Vehicles,62000.0,Other
USA,Projection-STEPS,EV stock,Vans,FCEV,2030,Vehicles,62000.0,Other
Rest of the world,Projection-STEPS,EV sales,Vans,BEV,2023,Vehicles,60000.0,Other
Rest of the world,Projection-STEPS,EV stock,Vans,FCEV,2030,Vehicles,59000.0,Other
World,Projection-STEPS,"Oil displacement, million lge",Cars,EV,2024,"Oil displacement, million lge",58000.0,_World
Rest of the world,Projection-STEPS,Electricity demand,Cars,EV,2030,GWh,58000.0,Other
World,Projection-STEPS,EV stock,Trucks,PHEV,2030,Vehicles,58000.0,_World
Europe,Projection-STEPS,EV sales,Vans,BEV,2021,Vehicles,57000.0,Aggregate_sales_stock
World,Projection-STEPS,EV sales,Buses,BEV,2022,Vehicles,57000.0,_World
World,Projection-STEPS,EV stock,Cars,FCEV,2022,Vehicles,57000.0,_World
World,Projection-STEPS,Electricity demand,Vans,EV,2030,GWh,57000.0,_World
India,Projection-STEPS,EV sales,Vans,BEV,2030,Vehicles,57000.0,Other
Rest of the world,Projection-STEPS,EV sales,Cars,PHEV,2020,Vehicles,56000.0,Other
USA,Projection-STEPS,EV stock,2 and 3 wheelers,BEV,2024,Vehicles,56000.0,Other
USA,Projection-STEPS,EV stock,Vans,BEV,2024,Vehicles,56000.0,Other
China,Projection-STEPS,EV sales,Buses,BEV,2020,Vehicles,55000.0,Other
Europe,Projection-STEPS,EV stock,Vans,FCEV,2030,Vehicles,55000.0,Aggregate_sales_stock
Europe,Projection-STEPS,EV sales,Vans,PHEV,2030,Vehicles,54000.0,Aggregate_sales_stock
World,Projection-STEPS,EV sales,Buses,BEV,2023,Vehicles,53000.0,_World
China,Projection-STEPS,Electricity demand,Cars,EV,2024,GWh,53000.0,Other
USA,Projection-STEPS,EV charging points,EV,Publicly available fast,2024,charging points,53000.0,Other
World,Projection-STEPS,EV sales,Trucks,BEV,2023,Vehicles,52000.0,_World
Rest of the world,Projection-STEPS,EV sales,Vans,BEV,2022,Vehicles,50000.0,Other
World,Projection-STEPS,EV sales,Buses,BEV,2021,Vehicles,50000.0,_World
USA,Projection-STEPS,EV stock,Buses,BEV,2030,Vehicles,50000.0,Other
USA,Projection-STEPS,EV stock,2 and 3 wheelers,BEV,2023,Vehicles,49000.0,Other
China,Projection-STEPS,EV sales,Buses,BEV,2024,Vehicles,48000.0,Other
India,Projection-STEPS,EV sales,Cars,BEV,2022,Vehicles,48000.0,Other
India,Projection-STEPS,EV charging points,EV,Publicly available slow,2024,charging points,47000.0,Other
Europe,Projection-STEPS,EV sales,Buses,BEV,2030,Vehicles,46000.0,Aggregate_sales_stock
Rest of the world,Projection-STEPS,EV sales,Vans,BEV,2024,Vehicles,45000.0,Other
Rest of the world,Projection-STEPS,EV stock,Cars,FCEV,2024,Vehicles,45000.0,Other
China,Projection-STEPS,Electricity demand,Buses,EV,2030,GWh,45000.0,Other
China,Projection-STEPS,EV sales,Vans,PHEV,2030,Vehicles,45000.0,Other
Europe,Projection-STEPS,EV charging points,EV,Publicly available fast,2021,charging points,45000.0,Aggregate_sales_stock
China,Projection-STEPS,EV sales,Buses,BEV,2022,Vehicles,44000.0,Other
Europe,Projection-STEPS,Electricity demand,Trucks,EV,2030,GWh,44000.0,Aggregate_sales_stock
World,Projection-STEPS,"Oil displacement, million lge",Cars,EV,2023,"Oil displacement, million lge",43000.0,_World
China,Projection-STEPS,EV sales,Buses,BEV,2021,Vehicles,42000.0,Other
Rest of the world,Projection-STEPS,EV stock,Cars,FCEV,2023,Vehicles,42000.0,Other
World,Projection-STEPS,EV stock,Cars,FCEV,2021,Vehicles,42000.0,_World
World,Projection-STEPS,EV sales,Cars,FCEV,2030,Vehicles,42000.0,_World
Rest of the world,Projection-STEPS,EV charging points,EV,Publicly available fast,2022,charging points,42000.0,Other
USA,Projection-STEPS,EV stock,2 and 3 wheelers,BEV,2022,Vehicles,41000.0,Other
Rest of the world,Projection-STEPS,EV stock,Buses,FCEV,2030,Vehicles,40000.0,Other
USA,Projection-STEPS,EV charging points,EV,Publicly available fast,2023,charging points,40000.0,Other
World,Projection-STEPS,EV stock,Buses,PHEV,2023,Vehicles,39000.0,_World
World,Projection-STEPS,EV stock,Buses,PHEV,2024,Vehicles,39000.0,_World
China,Projection-STEPS,EV stock,Buses,PHEV,2030,Vehicles,39000.0,Other
World,Projection-STEPS,EV stock,Buses,PHEV,2022,Vehicles,38000.0,_World
India,Projection-STEPS,EV sales,Buses,BEV,2030,Vehicles,38000.0,Other
Rest of the world,Projection-STEPS,EV sales,Trucks,BEV,2030,Vehicles,38000.0,Other
China,Projection-STEPS,EV stock,Buses,PHEV,2023,Vehicles,37000.0,Other
China,Projection-STEPS,EV stock,Buses,PHEV,2024,Vehicles,37000.0,Other
Rest of the world,Projection-STEPS,EV stock,Cars,FCEV,2022,Vehicles,37000.0,Other
World,Projection-STEPS,EV stock,Vans,PHEV,2024,Vehicles,37000.0,_World
USA,Projection-STEPS,EV stock,Trucks,FCEV,2030,Vehicles,37000.0,Other
China,Projection-STEPS,EV stock,Buses,PHEV,2022,Vehicles,36000.0,Other
China,Projection-STEPS,EV sales,Trucks,BEV,2023,Vehicles,36000.0,Other
World,Projection-STEPS,EV stock,Buses,PHEV,2021,Vehicles,36000.0,_World
World,Projection-STEPS,EV sales,Trucks,FCEV,2030,Vehicles,36000.0,_World
China,Projection-STEPS,EV stock,Buses,PHEV,2021,Vehicles,35000.0,Other
Europe,Projection-STEPS,EV sales,Vans,BEV,2020,Vehicles,35000.0,Aggregate_sales_stock
World,Projection-STEPS,EV stock,Buses,PHEV,2020,Vehicles,35000.0,_World
USA,Projection-STEPS,"Oil displacement, million lge",Cars,EV,2030,"Oil displacement, million lge",35000.0,Other
China,Projection-STEPS,EV stock,Buses,FCEV,2030,Vehicles,35000.0,Other
China,Projection-STEPS,EV stock,Buses,PHEV,2020,Vehicles,34000.0,Other
World,Projection-STEPS,"Oil displacement, million lge",Trucks,EV,2030,"Oil displacement, million lge",34000.0,_World
World,Projection-STEPS,Electricity demand,2 and 3 wheelers,EV,2030,GWh,34000.0,_World
Europe,Projection-STEPS,EV stock,Buses,BEV,2024,Vehicles,33000.0,Aggregate_sales_stock
World,Projection-STEPS,EV sales,Trucks,BEV,2022,Vehicles,33000.0,_World
USA,Projection-STEPS,EV stock,Vans,PHEV,2030,Vehicles,33000.0,Other
Europe,Projection-STEPS,EV charging points,EV,Publicly available fast,2020,charging points,33000.0,Aggregate_sales_stock
Rest of the world,Projection-STEPS,EV sales,Vans,BEV,2021,Vehicles,32000.0,Other
USA,Projection-STEPS,EV stock,2 and 3 wheelers,BEV,2021,Vehicles,32000.0,Other
Europe,Projection-STEPS,EV stock,Cars,FCEV,2030,Vehicles,32000.0,Aggregate_sales_stock
China,Projection-STEPS,EV sales,Buses,BEV,2023,Vehicles,31000.0,Other
China,Projection-STEPS,"Oil displacement, million lge",Cars,EV,2024,"Oil displacement, million lge",31000.0,Other
Rest of the world,Projection-STEPS,EV sales,Vans,PHEV,2030,Vehicles,31000.0,Other
Europe,Projection-STEPS,EV stock,Trucks,BEV,2024,Vehicles,30000.0,Aggregate_sales_stock
Rest of the world,Projection-STEPS,EV stock,Vans,BEV,2020,Vehicles,30000.0,Other
USA,Projection-STEPS,EV stock,Vans,BEV,2023,Vehicles,30000.0,Other
Europe,Projection-STEPS,"Oil displacement, million lge",Cars,EV,2030,"Oil displacement, million lge",30000.0,Aggregate_sales_stock
Europe,Projection-STEPS,Electricity demand,Vans,EV,2030,GWh,30000.0,Aggregate_sales_stock
USA,Projection-STEPS,EV sales,2 and 3 wheelers,BEV,2030,Vehicles,30000.0,Other
World,Projection-STEPS,EV sales,Trucks,PHEV,2030,Vehicles,30000.0,_World
USA,Projection-STEPS,EV charging points,EV,Publicly available fast,2022,charging points,29000.0,Other
World,Projection-STEPS,"Oil displacement, million lge",Cars,EV,2022,"Oil displacement, million lge",28000.0,_World
India,Projection-STEPS,EV charging points,EV,Publicly available fast,2024,charging points,28000.0,Other
China,Projection-STEPS,EV sales,Trucks,BEV,2022,Vehicles,27000.0,Other
Rest of the world,Projection-STEPS,"Oil displacement, million lge",Cars,EV,2030,"Oil displacement, million lge",27000.0,Other
China,Projection-STEPS,EV sales,Vans,BEV,2020,Vehicles,26000.0,Other
Rest of the world,Projection-STEPS,EV stock,Cars,FCEV,2021,Vehicles,26000.0,Other
USA,Projection-STEPS,EV sales,Vans,BEV,2024,Vehicles,26000.0,Other
World,Projection-STEPS,EV stock,Vans,PHEV,2023,Vehicles,26000.0,_World
World,Projection-STEPS,EV stock,Cars,FCEV,2020,Vehicles,26000.0,_World
Europe,Projection-STEPS,Electricity demand,Cars,EV,2024,GWh,26000.0,Aggregate_sales_stock
World,Projection-STEPS,Electricity demand,Trucks,EV,2024,GWh,26000.0,_World
Rest of the world,Projection-STEPS,EV stock,Buses,BEV,2024,Vehicles,25000.0,Other
China,Projection-STEPS,EV sales,Vans,FCEV,2030,Vehicles,25000.0,Other
China,Projection-STEPS,EV sales,Cars,FCEV,2030,Vehicles,25000.0,Other
Rest of the world,Projection-STEPS,EV charging points,EV,Publicly available fast,2021,charging points,25000.0,Other
USA,Projection-STEPS,Electricity demand,Cars,EV,2024,GWh,24000.0,Other
Europe,Projection-STEPS,EV stock,Buses,BEV,2023,Vehicles,23000.0,Aggregate_sales_stock
India,Projection-STEPS,EV stock,Cars,BEV,2021,Vehicles,23000.0,Other
USA,Projection-STEPS,EV stock,2 and 3 wheelers,BEV,2020,Vehicles,23000.0,Other
China,Projection-STEPS,Electricity demand,Trucks,EV,2024,GWh,23000.0,Other
India,Projection-STEPS,EV charging points,EV,Publicly available slow,2023,charging points,23000.0,Other
China,Projection-STEPS,"Oil displacement, million lge",Cars,EV,2023,"Oil displacement, million lge",22000.0,Other
World,Projection-STEPS,"Oil displacement, million lge",Vans,EV,2030,"Oil displacement, million lge",22000.0,_World
USA,Projection-STEPS,EV charging points,EV,Publicly available fast,2021,charging points,22000.0,Other
China,Projection-STEPS,"Oil displacement, million lge",Trucks,EV,2030,"Oil displacement, million lge",21000.0,Other
Rest of the world,Projection-STEPS,EV stock,Buses,PHEV,2030,Vehicles,21000.0,Other
USA,Projection-STEPS,EV stock,Cars,FCEV,2030,Vehicles,21000.0,Other
Rest of the world,Projection-STEPS,EV charging points,EV,Publicly available fast,2020,charging points,21000.0,Other
World,Projection-STEPS,Electricity demand,Buses,EV,2024,GWh,20000.0,_World
Europe,Projection-STEPS,EV stock,Trucks,BEV,2023,Vehicles,19000.0,Aggregate_sales_stock
Rest of the world,Projection-STEPS,EV stock,Buses,BEV,2023,Vehicles,19000.0,Other
USA,Projection-STEPS,EV stock,Cars,FCEV,2024,Vehicles,19000.0,Other
China,Projection-STEPS,EV sales,Trucks,FCEV,2030,Vehicles,19000.0,Other
USA,Projection-STEPS,EV sales,Vans,FCEV,2030,Vehicles,19000.0,Other
World,Projection-STEPS,EV sales,Buses,FCEV,2030,Vehicles,19000.0,_World
Rest of the world,Projection-STEPS,EV sales,Vans,BEV,2020,Vehicles,18000.0,Other
Rest of the world,Projection-STEPS,EV stock,Vans,PHEV,2024,Vehicles,18000.0,Other
USA,Projection-STEPS,EV stock,Cars,FCEV,2023,Vehicles,18000.0,Other
World,Projection-STEPS,EV stock,Vans,PHEV,2022,Vehicles,18000.0,_World
World,Projection-STEPS,EV sales,Trucks,BEV,2020,Vehicles,18000.0,_World
World,Projection-STEPS,"Oil displacement, million lge",Cars,EV,2021,"Oil displacement, million lge",18000.0,_World
China,Projection-STEPS,EV sales,Trucks,BEV,2020,Vehicles,17000.0,Other
Europe,Projection-STEPS,EV stock,Vans,PHEV,2024,Vehicles,17000.0,Aggregate_sales_stock
USA,Projection-STEPS,EV sales,Vans,BEV,2023,Vehicles,17000.0,Other
World,Projection-STEPS,"Oil displacement, million lge",2 and 3 wheelers,EV,2030,"Oil displacement, million lge",17000.0,_World
World,Projection-STEPS,"Oil displacement, million lge",Buses,EV,2030,"Oil displacement, million lge",17000.0,_World
Rest of the world,Projection-STEPS,Electricity demand,Buses,EV,2030,GWh,17000.0,Other
Europe,Projection-STEPS,EV stock,Trucks,FCEV,2030,Vehicles,17000.0,Aggregate_sales_stock
USA,Projection-STEPS,EV charging points,EV,Publicly available fast,2020,charging points,17000.0,Other
China,Projection-STEPS,EV stock,Trucks,FCEV,2024,Vehicles,16000.0,Other
World,Projection-STEPS,EV sales,Cars,FCEV,2021,Vehicles,16000.0,_World
World,Projection-STEPS,EV stock,Trucks,FCEV,2024,Vehicles,16000.0,_World
China,Projection-STEPS,Electricity demand,Buses,EV,2024,GWh,16000.0,Other
China,Projection-STEPS,EV stock,Trucks,PHEV,2030,Vehicles,16000.0,Other
Europe,Projection-STEPS,EV sales,Vans,FCEV,2030,Vehicles,16000.0,Aggregate_sales_stock
Rest of the world,Projection-STEPS,EV sales,Vans,FCEV,2030,Vehicles,16000.0,Other
Europe,Projection-STEPS,EV stock,Buses,BEV,2022,Vehicles,15000.0,Aggregate_sales_stock
USA,Projection-STEPS,EV stock,Cars,FCEV,2022,Vehicles,15000.0,Other
World,Projection-STEPS,EV sales,Cars,FCEV,2022,Vehicles,15000.0,_World
China,Projection-STEPS,Electricity demand,2 and 3 wheelers,EV,2030,GWh,15000.0,Other
Rest of the world,Projection-STEPS,EV stock,Cars,FCEV,2020,Vehicles,14000.0,Other
USA,Projection-STEPS,EV stock,Vans,BEV,2022,Vehicles,14000.0,Other
World,Projection-STEPS,EV sales,Trucks,BEV,2021,Vehicles,14000.0,_World
China,Projection-STEPS,"Oil displacement, million lge",Cars,EV,2022,"Oil displacement, million lge",14000.0,Other
India,Projection-STEPS,EV stock,Trucks,BEV,2030,Vehicles,14000.0,Other
India,Projection-STEPS,EV stock,Trucks,BEV,2030,Vehicles,14000.0,Other
India,Projection-STEPS,EV charging points,EV,Publicly available fast,2023,charging points,14000.0,Other
India,Projection-STEPS,EV stock,Vans,BEV,2024,Vehicles,13000.0,Other
Rest of the world,Projection-STEPS,EV stock,Buses,BEV,2022,Vehicles,13000.0,Other
USA,Projection-STEPS,Electricity demand,Trucks,EV,2030,GWh,13000.0,Other
USA,Projection-STEPS,EV sales,Buses,BEV,2030,Vehicles,13000.0,Other
China,Projection-STEPS,EV sales,Trucks,BEV,2021,Vehicles,12000.0,Other
Europe,Projection-STEPS,EV stock,Vans,PHEV,2023,Vehicles,12000.0,Aggregate_sales_stock
Europe,Projection-STEPS,EV sales,Trucks,BEV,2024,Vehicles,12000.0,Aggregate_sales_stock
India,Projection-STEPS,EV stock,Buses,BEV,2024,Vehicles,12000.0,Other
India,Projection-STEPS,EV sales,Cars,BEV,2021,Vehicles,12000.0,Other
India,Projection-STEPS,EV stock,Cars,BEV,2020,Vehicles,12000.0,Other
Rest of the world,Projection-STEPS,EV stock,Vans,PHEV,2023,Vehicles,12000.0,Other
Rest of the world,Projection-STEPS,EV sales,Cars,FCEV,2021,Vehicles,12000.0,Other
USA,Projection-STEPS,EV stock,Cars,FCEV,2021,Vehicles,12000.0,Other
World,Projection-STEPS,EV sales,Vans,PHEV,2024,Vehicles,12000.0,_World
World,Projection-STEPS,EV stock,Vans,PHEV,2021,Vehicles,12000.0,_World
USA,Projection-STEPS,"Oil displacement, million lge",Cars,EV,2024,"Oil displacement, million lge",12000.0,Other
Europe,Projection-STEPS,EV stock,Trucks,PHEV,2030,Vehicles,12000.0,Aggregate_sales_stock
USA,Projection-STEPS,EV sales,Trucks,FCEV,2030,Vehicles,12000.0,Other
Europe,Projection-STEPS,EV sales,Trucks,BEV,2023,Vehicles,11000.0,Aggregate_sales_stock
Rest of the world,Projection-STEPS,EV sales,Cars,FCEV,2022,Vehicles,11000.0,Other
World,Projection-STEPS,EV stock,Buses,FCEV,2024,Vehicles,11000.0,_World
World,Projection-STEPS,EV stock,Trucks,FCEV,2023,Vehicles,11000.0,_World
China,Projection-STEPS,Electricity demand,Vans,EV,2030,GWh,11000.0,Other
Europe,Projection-STEPS,Electricity demand,Buses,EV,2030,GWh,11000.0,Aggregate_sales_stock
India,Projection-STEPS,Electricity demand,2 and 3 wheelers,EV,2030,GWh,11000.0,Other
World,Projection-STEPS,Electricity demand,2 and 3 wheelers,EV,2024,GWh,11000.0,_World
India,Projection-STEPS,EV stock,Vans,PHEV,2030,Vehicles,11000.0,Other
Rest of the world,Projection-STEPS,EV sales,Cars,FCEV,2030,Vehicles,11000.0,Other
USA,Projection-STEPS,EV stock,Trucks,PHEV,2030,Vehicles,11000.0,Other
China,Projection-STEPS,EV stock,Trucks,FCEV,2023,Vehicles,10000.0,Other
Europe,Projection-STEPS,EV stock,Buses,BEV,2021,Vehicles,10000.0,Aggregate_sales_stock
Europe,Projection-STEPS,"Oil displacement, million lge",Cars,EV,2024,"Oil displacement, million lge",10000.0,Aggregate_sales_stock
World,Projection-STEPS,"Oil displacement, million lge",Cars,EV,2020,"Oil displacement, million lge",9800.0,_World
Europe,Projection-STEPS,EV sales,Buses,BEV,2024,Vehicles,9600.0,Aggregate_sales_stock
USA,Projection-STEPS,EV sales,2 and 3 wheelers,BEV,2022,Vehicles,9600.0,Other
USA,Projection-STEPS,EV stock,Buses,BEV,2024,Vehicles,9500.0,Other
World,Projection-STEPS,EV stock,Vans,PHEV,2020,Vehicles,9500.0,_World
USA,Projection-STEPS,EV sales,Vans,PHEV,2030,Vehicles,9500.0,Other
Rest of the world,Projection-STEPS,EV stock,Trucks,BEV,2024,Vehicles,9400.0,Other
Rest of the world,Projection-STEPS,Electricity demand,Vans,EV,2030,GWh,9400.0,Other
India,Projection-STEPS,EV stock,Trucks,PHEV,2030,Vehicles,9400.0,Other
India,Projection-STEPS,EV stock,Trucks,PHEV,2030,Vehicles,9400.0,Other
Rest of the world,Projection-STEPS,EV sales,Buses,FCEV,2030,Vehicles,9400.0,Other
China,Projection-STEPS,"Oil displacement, million lge",Buses,EV,2030,"Oil displacement, million lge",9300.0,Other
USA,Projection-STEPS,"Oil displacement, million lge",Cars,EV,2023,"Oil displacement, million lge",9300.0,Other
Rest of the world,Projection-STEPS,EV stock,Trucks,PHEV,2030,Vehicles,9300.0,Other
USA,Projection-STEPS,EV stock,Cars,FCEV,2020,Vehicles,9200.0,Other
Rest of the world,Projection-STEPS,Electricity demand,Cars,EV,2024,GWh,9200.0,Other
World,Projection-STEPS,Electricity demand,Vans,EV,2024,GWh,9100.0,_World
Europe,Projection-STEPS,EV stock,Vans,PHEV,2022,Vehicles,9000.0,Aggregate_sales_stock
USA,Projection-STEPS,EV sales,Vans,BEV,2022,Vehicles,9000.0,Other
World,Projection-STEPS,EV sales,Cars,FCEV,2023,Vehicles,9000.0,_World
USA,Projection-STEPS,EV sales,2 and 3 wheelers,BEV,2021,Vehicles,8900.0,Other
World,Projection-STEPS,EV stock,Buses,FCEV,2023,Vehicles,8900.0,_World
Europe,Projection-STEPS,"Oil displacement, million lge",Cars,EV,2023,"Oil displacement, million lge",8900.0,Aggregate_sales_stock
China,Projection-STEPS,"Oil displacement, million lge",Cars,EV,2021,"Oil displacement, million lge",8800.0,Other
China,Projection-STEPS,"Oil displacement, million lge",2 and 3 wheelers,EV,2030,"Oil displacement, million lge",8700.0,Other
Europe,Projection-STEPS,"Oil displacement, million lge",Trucks,EV,2030,"Oil displacement, million lge",8500.0,Aggregate_sales_stock
Europe,Projection-STEPS,"Oil displacement, million lge",Vans,EV,2030,"Oil displacement, million lge",8500.0,Aggregate_sales_stock
India,Projection-STEPS,EV stock,Buses,BEV,2023,Vehicles,8400.0,Other
China,Projection-STEPS,Electricity demand,2 and 3 wheelers,EV,2024,GWh,8400.0,Other
Europe,Projection-STEPS,EV sales,Buses,BEV,2023,Vehicles,8300.0,Aggregate_sales_stock
Rest of the world,Projection-STEPS,Electricity demand,2 and 3 wheelers,EV,2030,GWh,8100.0,Other
USA,Projection-STEPS,EV stock,Buses,FCEV,2030,Vehicles,8100.0,Other
World,Projection-STEPS,EV sales,Buses,PHEV,2030,Vehicles,8100.0,_World
China,Projection-STEPS,EV stock,Buses,FCEV,2024,Vehicles,8000.0,Other
USA,Projection-STEPS,EV sales,2 and 3 wheelers,BEV,2020,Vehicles,8000.0,Other
World,Projection-STEPS,EV sales,Vans,PHEV,2022,Vehicles,7900.0,_World
USA,Projection-STEPS,EV sales,2 and 3 wheelers,BEV,2023,Vehicles,7800.0,Other
Rest of the world,Projection-STEPS,EV stock,Buses,BEV,2021,Vehicles,7700.0,Other
Europe,Projection-STEPS,EV stock,Buses,BEV,2020,Vehicles,7600.0,Aggregate_sales_stock
World,Projection-STEPS,EV sales,Cars,FCEV,2020,Vehicles,7600.0,_World
Rest of the world,Projection-STEPS,EV sales,Buses,BEV,2023,Vehicles,7500.0,Other
China,Projection-STEPS,EV sales,Trucks,PHEV,2030,Vehicles,7500.0,Other
Europe,Projection-STEPS,EV stock,Vans,PHEV,2020,Vehicles,7300.0,Aggregate_sales_stock
India,Projection-STEPS,EV stock,Vans,BEV,2023,Vehicles,7300.0,Other
Rest of the world,Projection-STEPS,EV stock,Vans,PHEV,2022,Vehicles,7300.0,Other
USA,Projection-STEPS,EV stock,Buses,BEV,2023,Vehicles,7300.0,Other
USA,Projection-STEPS,EV sales,2 and 3 wheelers,BEV,2024,Vehicles,7100.0,Other
World,Projection-STEPS,EV stock,Trucks,FCEV,2022,Vehicles,7100.0,_World
China,Projection-STEPS,EV stock,Trucks,FCEV,2022,Vehicles,7000.0,Other
Europe,Projection-STEPS,EV stock,Vans,PHEV,2021,Vehicles,6900.0,Aggregate_sales_stock
India,Projection-STEPS,EV stock,Vans,BEV,2022,Vehicles,6900.0,Other
Rest of the world,Projection-STEPS,EV sales,Buses,BEV,2024,Vehicles,6900.0,Other
Rest of the world,Projection-STEPS,Electricity demand,Trucks,EV,2030,GWh,6800.0,Other
Rest of the world,Projection-STEPS,EV sales,Trucks,PHEV,2030,Vehicles,6800.0,Other
India,Projection-STEPS,EV charging points,EV,Publicly available slow,2022,charging points,6800.0,Other
China,Projection-STEPS,EV stock,Buses,FCEV,2023,Vehicles,6600.0,Other
World,Projection-STEPS,EV stock,Buses,FCEV,2022,Vehicles,6600.0,_World
World,Projection-STEPS,"Oil displacement, million lge",2 and 3 wheelers,EV,2024,"Oil displacement, million lge",6600.0,_World
World,Projection-STEPS,EV sales,Vans,PHEV,2023,Vehicles,6500.0,_World
India,Projection-STEPS,Electricity demand,Cars,EV,2030,GWh,6500.0,Other
Europe,Projection-STEPS,EV stock,Buses,FCEV,2030,Vehicles,6500.0,Aggregate_sales_stock
India,Projection-STEPS,EV stock,Vans,BEV,2021,Vehicles,6400.0,Other
Rest of the world,Projection-STEPS,EV sales,Vans,PHEV,2024,Vehicles,6400.0,Other
World,Projection-STEPS,EV sales,Vans,PHEV,2021,Vehicles,6300.0,_World
Europe,Projection-STEPS,EV sales,Trucks,PHEV,2030,Vehicles,6300.0,Aggregate_sales_stock
World,Projection-STEPS,EV stock,Vans,FCEV,2024,Vehicles,6200.0,_World
USA,Projection-STEPS,"Oil displacement, million lge",Cars,EV,2022,"Oil displacement, million lge",6200.0,Other
Europe,Projection-STEPS,EV stock,Cars,FCEV,2024,Vehicles,6100.0,Aggregate_sales_stock
India,Projection-STEPS,EV stock,Buses,BEV,2022,Vehicles,6100.0,Other
India,Projection-STEPS,EV sales,Vans,BEV,2024,Vehicles,6000.0,Other
World,Projection-STEPS,"Oil displacement, million lge",2 and 3 wheelers,EV,2023,"Oil displacement, million lge",6000.0,_World
Rest of the world,Projection-STEPS,EV sales,Buses,BEV,2022,Vehicles,5800.0,Other
China,Projection-STEPS,"Oil displacement, million lge",Vans,EV,2030,"Oil displacement, million lge",5700.0,Other
Europe,Projection-STEPS,"Oil displacement, million lge",Cars,EV,2022,"Oil displacement, million lge",5700.0,Aggregate_sales_stock
USA,Projection-STEPS,Electricity demand,Vans,EV,2030,GWh,5600.0,Other
Europe,Projection-STEPS,EV sales,Vans,PHEV,2024,Vehicles,5500.0,Aggregate_sales_stock
Rest of the world,Projection-STEPS,EV sales,Cars,FCEV,2020,Vehicles,5500.0,Other
China,Projection-STEPS,EV stock,Buses,FCEV,2022,Vehicles,5400.0,Other
Europe,Projection-STEPS,EV stock,Cars,FCEV,2023,Vehicles,5400.0,Aggregate_sales_stock
China,Projection-STEPS,"Oil displacement, million lge",2 and 3 wheelers,EV,2024,"Oil displacement, million lge",5400.0,Other
India,Projection-STEPS,EV sales,Trucks,BEV,2030,Vehicles,5400.0,Other
India,Projection-STEPS,EV sales,Trucks,BEV,2030,Vehicles,5400.0,Other
Rest of the world,Projection-STEPS,EV sales,Buses,PHEV,2030,Vehicles,5400.0,Other
World,Projection-STEPS,EV sales,Cars,FCEV,2024,Vehicles,5300.0,_World
India,Projection-STEPS,Electricity demand,Buses,EV,2030,GWh,5200.0,Other
Rest of the world,Projection-STEPS,EV stock,Buses,BEV,2020,Vehicles,5100.0,Other
China,Projection-STEPS,EV stock,Vans,FCEV,2024,Vehicles,5000.0,Other
World,Projection-STEPS,EV stock,Buses,FCEV,2021,Vehicles,5000.0,_World
China,Projection-STEPS,"Oil displacement, million lge",2 and 3 wheelers,EV,2023,"Oil displacement, million lge",5000.0,Other
Europe,Projection-STEPS,EV sales,Buses,BEV,2022,Vehicles,4900.0,Aggregate_sales_stock
Europe,Projection-STEPS,EV stock,Cars,FCEV,2022,Vehicles,4800.0,Aggregate_sales_stock
Rest of the world,Projection-STEPS,EV stock,Trucks,BEV,2023,Vehicles,4800.0,Other
World,Projection-STEPS,EV sales,Trucks,FCEV,2024,Vehicles,4800.0,_World
World,Projection-STEPS,"Oil displacement, million lge",Trucks,EV,2024,"Oil displacement, million lge",4800.0,_World
USA,Projection-STEPS,EV sales,Trucks,PHEV,2030,Vehicles,4800.0,Other
India,Projection-STEPS,EV stock,Vans,BEV,2020,Vehicles,4700.0,Other
USA,Projection-STEPS,EV stock,Vans,BEV,2020,Vehicles,4700.0,Other
USA,Projection-STEPS,EV stock,Vans,BEV,2021,Vehicles,4700.0,Other
India,Projection-STEPS,EV sales,Trucks,PHEV,2030,Vehicles,4700.0,Other
India,Projection-STEPS,EV sales,Trucks,PHEV,2030,Vehicles,4700.0,Other
Rest of the world,Projection-STEPS,EV sales,Cars,FCEV,2023,Vehicles,4600.0,Other
World,Projection-STEPS,"Oil displacement, million lge",2 and 3 wheelers,EV,2021,"Oil displacement, million lge",4600.0,_World
China,Projection-STEPS,"Oil displacement, million lge",Cars,EV,2020,"Oil displacement, million lge",4500.0,Other
Rest of the world,Projection-STEPS,"Oil displacement, million lge",Vans,EV,2030,"Oil displacement, million lge",4500.0,Other
World,Projection-STEPS,"Oil displacement, million lge",2 and 3 wheelers,EV,2022,"Oil displacement, million lge",4500.0,_World
China,Projection-STEPS,EV sales,Buses,FCEV,2030,Vehicles,4500.0,Other
China,Projection-STEPS,EV sales,Trucks,FCEV,2024,Vehicles,4400.0,Other
Europe,Projection-STEPS,EV stock,Trucks,BEV,2022,Vehicles,4400.0,Aggregate_sales_stock
Rest of the world,Projection-STEPS,"Oil displacement, million lge",Cars,EV,2024,"Oil displacement, million lge",4400.0,Other
Europe,Projection-STEPS,EV sales,Cars,FCEV,2030,Vehicles,4400.0,Aggregate_sales_stock
China,Projection-STEPS,EV stock,Trucks,FCEV,2021,Vehicles,4300.0,Other
World,Projection-STEPS,EV stock,Trucks,FCEV,2021,Vehicles,4300.0,_World
World,Projection-STEPS,"Oil displacement, million lge",Buses,EV,2024,"Oil displacement, million lge",4300.0,_World
India,Projection-STEPS,EV stock,Buses,FCEV,2030,Vehicles,4300.0,Other
China,Projection-STEPS,EV stock,Buses,FCEV,2021,Vehicles,4200.0,Other
India,Projection-STEPS,"Oil displacement, million lge",2 and 3 wheelers,EV,2030,"Oil displacement, million lge",4200.0,Other
Europe,Projection-STEPS,EV sales,Trucks,FCEV,2030,Vehicles,4200.0,Aggregate_sales_stock
India,Projection-STEPS,EV stock,Buses,BEV,2021,Vehicles,4100.0,Other
Rest of the world,Projection-STEPS,EV sales,Vans,PHEV,2023,Vehicles,4100.0,Other
Rest of the world,Projection-STEPS,EV stock,Vans,PHEV,2021,Vehicles,4100.0,Other
China,Projection-STEPS,"Oil displacement, million lge",2 and 3 wheelers,EV,2021,"Oil displacement, million lge",4100.0,Other
China,Projection-STEPS,"Oil displacement, million lge",Trucks,EV,2024,"Oil displacement, million lge",4100.0,Other
Rest of the world,Projection-STEPS,"Oil displacement, million lge",2 and 3 wheelers,EV,2030,"Oil displacement, million lge",4100.0,Other
Europe,Projection-STEPS,Electricity demand,Vans,EV,2024,GWh,4100.0,Aggregate_sales_stock
India,Projection-STEPS,EV charging points,EV,Publicly available fast,2022,charging points,4100.0,Other
World,Projection-STEPS,EV stock,Buses,FCEV,2020,Vehicles,4000.0,_World
USA,Projection-STEPS,"Oil displacement, million lge",Cars,EV,2021,"Oil displacement, million lge",4000.0,Other
World,Projection-STEPS,"Oil displacement, million lge",Buses,EV,2023,"Oil displacement, million lge",4000.0,_World
India,Projection-STEPS,EV charging points,EV,Publicly available fast,2021,charging points,4000.0,Other
Europe,Projection-STEPS,EV sales,Buses,BEV,2021,Vehicles,3900.0,Aggregate_sales_stock
World,Projection-STEPS,"Oil displacement, million lge",Vans,EV,2024,"Oil displacement, million lge",3900.0,_World
Rest of the world,Projection-STEPS,EV sales,Trucks,BEV,2024,Vehicles,3800.0,Other
China,Projection-STEPS,"Oil displacement, million lge",2 and 3 wheelers,EV,2022,"Oil displacement, million lge",3800.0,Other
Europe,Projection-STEPS,"Oil displacement, million lge",Cars,EV,2021,"Oil displacement, million lge",3800.0,Aggregate_sales_stock
World,Projection-STEPS,"Oil displacement, million lge",Trucks,EV,2023,"Oil displacement, million lge",3800.0,_World
USA,Projection-STEPS,EV stock,Buses,BEV,2022,Vehicles,3700.0,Other
World,Projection-STEPS,"Oil displacement, million lge",Buses,EV,2022,"Oil displacement, million lge",3700.0,_World
Europe,Projection-STEPS,EV stock,Cars,FCEV,2021,Vehicles,3600.0,Aggregate_sales_stock
Europe,Projection-STEPS,EV sales,Trucks,BEV,2022,Vehicles,3600.0,Aggregate_sales_stock
USA,Projection-STEPS,EV sales,Buses,BEV,2023,Vehicles,3600.0,Other
World,Projection-STEPS,EV sales,Trucks,FCEV,2023,Vehicles,3600.0,_World
Rest of the world,Projection-STEPS,"Oil displacement, million lge",Buses,EV,2030,"Oil displacement, million lge",3600.0,Other
Europe,Projection-STEPS,EV sales,Vans,PHEV,2021,Vehicles,3500.0,Aggregate_sales_stock
Rest of the world,Projection-STEPS,EV sales,Cars,FCEV,2024,Vehicles,3500.0,Other
China,Projection-STEPS,EV sales,Trucks,FCEV,2023,Vehicles,3400.0,Other
China,Projection-STEPS,"Oil displacement, million lge",Buses,EV,2024,"Oil displacement, million lge",3400.0,Other
World,Projection-STEPS,"Oil displacement, million lge",2 and 3 wheelers,EV,2020,"Oil displacement, million lge",3400.0,_World
World,Projection-STEPS,"Oil displacement, million lge",Trucks,EV,2022,"Oil displacement, million lge",3400.0,_World
China,Projection-STEPS,EV stock,Buses,FCEV,2020,Vehicles,3300.0,Other
Europe,Projection-STEPS,EV sales,Vans,PHEV,2022,Vehicles,3300.0,Aggregate_sales_stock
World,Projection-STEPS,EV stock,Vans,FCEV,2023,Vehicles,3300.0,_World
China,Projection-STEPS,"Oil displacement, million lge",Buses,EV,2023,"Oil displacement, million lge",3300.0,Other
China,Projection-STEPS,"Oil displacement, million lge",Trucks,EV,2023,"Oil displacement, million lge",3300.0,Other
China,Projection-STEPS,EV stock,Trucks,FCEV,2020,Vehicles,3200.0,Other
India,Projection-STEPS,EV sales,Buses,BEV,2024,Vehicles,3200.0,Other
Rest of the world,Projection-STEPS,EV sales,Vans,PHEV,2022,Vehicles,3200.0,Other
World,Projection-STEPS,EV stock,Trucks,FCEV,2020,Vehicles,3200.0,_World
China,Projection-STEPS,"Oil displacement, million lge",Buses,EV,2022,"Oil displacement, million lge",3200.0,Other
China,Projection-STEPS,"Oil displacement, million lge",Trucks,EV,2022,"Oil displacement, million lge",3200.0,Other
World,Projection-STEPS,"Oil displacement, million lge",Buses,EV,2021,"Oil displacement, million lge",3200.0,_World
India,Projection-STEPS,EV sales,Cars,BEV,2020,Vehicles,3100.0,Other
USA,Projection-STEPS,EV sales,Cars,FCEV,2021,Vehicles,3100.0,Other
China,Projection-STEPS,Electricity demand,Vans,EV,2024,GWh,3100.0,Other
India,Projection-STEPS,EV stock,Buses,BEV,2020,Vehicles,3000.0,Other
USA,Projection-STEPS,EV sales,Cars,FCEV,2023,Vehicles,3000.0,Other
China,Projection-STEPS,"Oil displacement, million lge",2 and 3 wheelers,EV,2020,"Oil displacement, million lge",3000.0,Other
Rest of the world,Projection-STEPS,"Oil displacement, million lge",Cars,EV,2023,"Oil displacement, million lge",3000.0,Other
Europe,Projection-STEPS,EV stock,Buses,PHEV,2030,Vehicles,3000.0,Aggregate_sales_stock
India,Projection-STEPS,EV sales,Vans,PHEV,2030,Vehicles,3000.0,Other
China,Projection-STEPS,"Oil displacement, million lge",Buses,EV,2021,"Oil displacement, million lge",2900.0,Other
India,Projection-STEPS,EV charging points,EV,Publicly available fast,2020,charging points,2900.0,Other
Rest of the world,Projection-STEPS,EV sales,Buses,BEV,2021,Vehicles,2800.0,Other
Rest of the world,Projection-STEPS,EV sales,Trucks,BEV,2023,Vehicles,2800.0,Other
World,Projection-STEPS,EV sales,Trucks,FCEV,2022,Vehicles,2800.0,_World
World,Projection-STEPS,"Oil displacement, million lge",Buses,EV,2020,"Oil displacement, million lge",2800.0,_World
USA,Projection-STEPS,Electricity demand,Buses,EV,2030,GWh,2800.0,Other
China,Projection-STEPS,EV stock,Vans,FCEV,2023,Vehicles,2700.0,Other
China,Projection-STEPS,EV sales,Trucks,FCEV,2022,Vehicles,2700.0,Other
Europe,Projection-STEPS,EV stock,Cars,FCEV,2020,Vehicles,2700.0,Aggregate_sales_stock
Rest of the world,Projection-STEPS,EV sales,Buses,BEV,2020,Vehicles,2700.0,Other
Rest of the world,Projection-STEPS,EV sales,Vans,PHEV,2021,Vehicles,2700.0,Other
USA,Projection-STEPS,EV stock,Buses,BEV,2020,Vehicles,2700.0,Other
USA,Projection-STEPS,EV stock,Buses,BEV,2021,Vehicles,2700.0,Other
USA,Projection-STEPS,EV sales,Cars,FCEV,2022,Vehicles,2700.0,Other
USA,Projection-STEPS,"Oil displacement, million lge",Trucks,EV,2030,"Oil displacement, million lge",2700.0,Other
World,Projection-STEPS,EV sales,Vans,FCEV,2024,Vehicles,2600.0,_World
China,Projection-STEPS,"Oil displacement, million lge",Buses,EV,2020,"Oil displacement, million lge",2600.0,Other
Europe,Projection-STEPS,"Oil displacement, million lge",Buses,EV,2030,"Oil displacement, million lge",2600.0,Aggregate_sales_stock
USA,Projection-STEPS,"Oil displacement, million lge",Vans,EV,2030,"Oil displacement, million lge",2600.0,Other
World,Projection-STEPS,"Oil displacement, million lge",Vans,EV,2023,"Oil displacement, million lge",2600.0,_World
World,Projection-STEPS,Battery demand,Cars,EV,2030,GWh,2600.0,_World
World,Projection-STEPS,EV sales,Vans,PHEV,2020,Vehicles,2500.0,_World
India,Projection-STEPS,"Oil displacement, million lge",Cars,EV,2030,"Oil displacement, million lge",2500.0,Other
USA,Projection-STEPS,"Oil displacement, million lge",Cars,EV,2020,"Oil displacement, million lge",2500.0,Other
Europe,Projection-STEPS,EV sales,Buses,BEV,2020,Vehicles,2400.0,Aggregate_sales_stock
Europe,Projection-STEPS,EV sales,Vans,PHEV,2023,Vehicles,2400.0,Aggregate_sales_stock
China,Projection-STEPS,EV sales,Vans,FCEV,2024,Vehicles,2300.0,Other
India,Projection-STEPS,EV sales,Buses,BEV,2023,Vehicles,2300.0,Other
Rest of the world,Projection-STEPS,EV stock,Trucks,BEV,2022,Vehicles,2300.0,Other
Europe,Projection-STEPS,EV stock,Trucks,BEV,2021,Vehicles,2200.0,Aggregate_sales_stock
India,Projection-STEPS,EV sales,Buses,BEV,2020,Vehicles,2200.0,Other
USA,Projection-STEPS,EV sales,Buses,BEV,2024,Vehicles,2200.0,Other
World,Projection-STEPS,"Oil displacement, million lge",Trucks,EV,2021,"Oil displacement, million lge",2200.0,_World
China,Projection-STEPS,"Oil displacement, million lge",Trucks,EV,2021,"Oil displacement, million lge",2100.0,Other
Europe,Projection-STEPS,Electricity demand,Trucks,EV,2024,GWh,2100.0,Aggregate_sales_stock
China,Projection-STEPS,EV sales,Buses,PHEV,2030,Vehicles,2100.0,Other
USA,Projection-STEPS,EV sales,Buses,FCEV,2030,Vehicles,2100.0,Other
India,Projection-STEPS,EV sales,Buses,BEV,2022,Vehicles,2000.0,Other
World,Projection-STEPS,EV sales,Buses,FCEV,2024,Vehicles,2000.0,_World
World,Projection-STEPS,EV sales,Vans,FCEV,2023,Vehicles,2000.0,_World
Europe,Projection-STEPS,"Oil displacement, million lge",Cars,EV,2020,"Oil displacement, million lge",2000.0,Aggregate_sales_stock
World,Projection-STEPS,"Oil displacement, million lge",Trucks,EV,2020,"Oil displacement, million lge",2000.0,_World
China,Projection-STEPS,EV sales,Vans,FCEV,2023,Vehicles,1900.0,Other
World,Projection-STEPS,EV sales,Buses,FCEV,2023,Vehicles,1900.0,_World
World,Projection-STEPS,EV sales,Buses,PHEV,2020,Vehicles,1900.0,_World
China,Projection-STEPS,"Oil displacement, million lge",Trucks,EV,2020,"Oil displacement, million lge",1900.0,Other
China,Projection-STEPS,EV sales,Buses,PHEV,2020,Vehicles,1800.0,Other
Europe,Projection-STEPS,EV sales,Trucks,BEV,2021,Vehicles,1800.0,Aggregate_sales_stock
World,Projection-STEPS,EV sales,Buses,FCEV,2022,Vehicles,1800.0,_World
Rest of the world,Projection-STEPS,"Oil displacement, million lge",Cars,EV,2022,"Oil displacement, million lge",1800.0,Other
World,Projection-STEPS,"Oil displacement, million lge",Vans,EV,2022,"Oil displacement, million lge",1800.0,_World
China,Projection-STEPS,EV stock,Vans,PHEV,2022,Vehicles,1700.0,Other
China,Projection-STEPS,EV stock,Vans,PHEV,2023,Vehicles,1700.0,Other
China,Projection-STEPS,EV stock,Vans,PHEV,2024,Vehicles,1700.0,Other
India,Projection-STEPS,EV sales,Vans,BEV,2021,Vehicles,1700.0,Other
Rest of the world,Projection-STEPS,EV sales,Trucks,BEV,2022,Vehicles,1700.0,Other
China,Projection-STEPS,"Oil displacement, million lge",Vans,EV,2024,"Oil displacement, million lge",1700.0,Other
Europe,Projection-STEPS,Electricity demand,Buses,EV,2024,GWh,1700.0,Aggregate_sales_stock
Europe,Projection-STEPS,EV sales,Buses,FCEV,2030,Vehicles,1700.0,Aggregate_sales_stock
India,Projection-STEPS,Electricity demand,2 and 3 wheelers,EV,2024,GWh,1600.0,Other
China,Projection-STEPS,EV sales,Vans,PHEV,2022,Vehicles,1500.0,Other
Rest of the world,Projection-STEPS,EV stock,Vans,PHEV,2020,Vehicles,1500.0,Other
World,Projection-STEPS,EV sales,Buses,FCEV,2020,Vehicles,1500.0,_World
India,Projection-STEPS,Electricity demand,Vans,EV,2030,GWh,1500.0,Other
USA,Projection-STEPS,EV sales,Cars,FCEV,2030,Vehicles,1500.0,Other
Rest of the world,Projection-STEPS,EV sales,Vans,PHEV,2020,Vehicles,1400.0,Other
World,Projection-STEPS,EV sales,Buses,PHEV,2023,Vehicles,1400.0,_World
World,Projection-STEPS,EV sales,Trucks,FCEV,2020,Vehicles,1400.0,_World
Rest of the world,Projection-STEPS,"Oil displacement, million lge",Trucks,EV,2030,"Oil displacement, million lge",1400.0,Other
Rest of the world,Projection-STEPS,Electricity demand,Buses,EV,2024,GWh,1400.0,Other
India,Projection-STEPS,EV sales,Buses,FCEV,2030,Vehicles,1400.0,Other
Rest of the world,Projection-STEPS,EV stock,Trucks,FCEV,2030,Vehicles,1400.0,Other
China,Projection-STEPS,EV sales,Buses,FCEV,2022,Vehicles,1300.0,Other
China,Projection-STEPS,EV sales,Buses,PHEV,2023,Vehicles,1300.0,Other
China,Projection-STEPS,EV sales,Trucks,FCEV,2020,Vehicles,1300.0,Other
Europe,Projection-STEPS,EV stock,Buses,PHEV,2021,Vehicles,1300.0,Aggregate_sales_stock
Europe,Projection-STEPS,EV stock,Buses,PHEV,2022,Vehicles,1300.0,Aggregate_sales_stock
Europe,Projection-STEPS,EV sales,Cars,FCEV,2022,Vehicles,1300.0,Aggregate_sales_stock
World,Projection-STEPS,EV stock,Vans,FCEV,2022,Vehicles,1300.0,_World
World,Projection-STEPS,EV sales,Trucks,FCEV,2021,Vehicles,1300.0,_World
World,Projection-STEPS,EV stock,Trucks,PHEV,2023,Vehicles,1300.0,_World
World,Projection-STEPS,EV stock,Trucks,PHEV,2024,Vehicles,1300.0,_World
Europe,Projection-STEPS,"Oil displacement, million lge",Vans,EV,2024,"Oil displacement, million lge",1300.0,Aggregate_sales_stock
China,Projection-STEPS,EV sales,Buses,FCEV,2020,Vehicles,1200.0,Other
China,Projection-STEPS,EV sales,Buses,FCEV,2023,Vehicles,1200.0,Other
China,Projection-STEPS,EV sales,Trucks,FCEV,2021,Vehicles,1200.0,Other
China,Projection-STEPS,EV stock,Trucks,PHEV,2023,Vehicles,1200.0,Other
China,Projection-STEPS,EV stock,Trucks,PHEV,2024,Vehicles,1200.0,Other
Europe,Projection-STEPS,EV stock,Buses,PHEV,2024,Vehicles,1200.0,Aggregate_sales_stock
India,Projection-STEPS,EV sales,Buses,BEV,2021,Vehicles,1200.0,Other
Rest of the world,Projection-STEPS,EV stock,Buses,FCEV,2023,Vehicles,1200.0,Other
USA,Projection-STEPS,EV sales,Cars,FCEV,2020,Vehicles,1200.0,Other
World,Projection-STEPS,EV sales,Buses,PHEV,2022,Vehicles,1200.0,_World
India,Projection-STEPS,"Oil displacement, million lge",Buses,EV,2030,"Oil displacement, million lge",1200.0,Other
China,Projection-STEPS,Battery demand,Cars,EV,2030,GWh,1200.0,Other
China,Projection-STEPS,EV sales,Buses,FCEV,2024,Vehicles,1100.0,Other
China,Projection-STEPS,EV sales,Buses,PHEV,2022,Vehicles,1100.0,Other
Europe,Projection-STEPS,EV stock,Buses,PHEV,2023,Vehicles,1100.0,Aggregate_sales_stock
Europe,Projection-STEPS,EV sales,Vans,PHEV,2020,Vehicles,1100.0,Aggregate_sales_stock
Europe,Projection-STEPS,EV sales,Cars,FCEV,2024,Vehicles,1100.0,Aggregate_sales_stock
Europe,Projection-STEPS,EV sales,Trucks,BEV,2020,Vehicles,1100.0,Aggregate_sales_stock
Rest of the world,Projection-STEPS,EV stock,Buses,FCEV,2024,Vehicles,1100.0,Other
Europe,Projection-STEPS,"Oil displacement, million lge",Vans,EV,2023,"Oil displacement, million lge",1100.0,Aggregate_sales_stock
Rest of the world,Projection-STEPS,"Oil displacement, million lge",Cars,EV,2021,"Oil displacement, million lge",1100.0,Other
World,Projection-STEPS,"Oil displacement, million lge",Vans,EV,2021,"Oil displacement, million lge",1100.0,_World
India,Projection-STEPS,Electricity demand,Trucks,EV,2030,GWh,1100.0,Other
India,Projection-STEPS,Electricity demand,Trucks,EV,2030,GWh,1100.0,Other
Rest of the world,Projection-STEPS,Electricity demand,Vans,EV,2024,GWh,1100.0,Other
India,Projection-STEPS,EV stock,Trucks,FCEV,2030,Vehicles,1100.0,Other
India,Projection-STEPS,EV stock,Trucks,FCEV,2030,Vehicles,1100.0,Other
India,Projection-STEPS,EV stock,Vans,FCEV,2030,Vehicles,1100.0,Other
USA,Projection-STEPS,EV stock,Buses,PHEV,2030,Vehicles,1100.0,Other
Europe,Projection-STEPS,EV stock,Buses,PHEV,2020,Vehicles,1000.0,Aggregate_sales_stock
India,Projection-STEPS,EV sales,Vans,BEV,2020,Vehicles,1000.0,Other
USA,Projection-STEPS,EV sales,Buses,BEV,2022,Vehicles,1000.0,Other
World,Projection-STEPS,EV sales,Buses,FCEV,2021,Vehicles,1000.0,_World
World,Projection-STEPS,EV sales,Buses,PHEV,2021,Vehicles,1000.0,_World
Rest of the world,Projection-STEPS,Electricity demand,2 and 3 wheelers,EV,2024,GWh,1000.0,Other
Europe,Projection-STEPS,EV stock,Buses,FCEV,2024,Vehicles,950.0,Aggregate_sales_stock
Europe,Projection-STEPS,EV sales,Cars,FCEV,2021,Vehicles,920.0,Aggregate_sales_stock
World,Projection-STEPS,EV stock,Trucks,PHEV,2022,Vehicles,920.0,_World
China,Projection-STEPS,"Oil displacement, million lge",Vans,EV,2023,"Oil displacement, million lge",910.0,Other
India,Projection-STEPS,EV charging points,EV,Publicly available slow,2021,charging points,910.0,Other
China,Projection-STEPS,EV sales,Buses,FCEV,2021,Vehicles,900.0,Other
Europe,Projection-STEPS,EV sales,Cars,FCEV,2020,Vehicles,890.0,Aggregate_sales_stock
Europe,Projection-STEPS,EV stock,Trucks,BEV,2020,Vehicles,880.0,Aggregate_sales_stock
Europe,Projection-STEPS,EV sales,Cars,FCEV,2023,Vehicles,870.0,Aggregate_sales_stock
China,Projection-STEPS,EV sales,Buses,PHEV,2021,Vehicles,860.0,Other
China,Projection-STEPS,EV stock,Trucks,PHEV,2022,Vehicles,840.0,Other
World,Projection-STEPS,Battery demand,Cars,EV,2024,GWh,840.0,_World
World,Projection-STEPS,EV sales,Vans,FCEV,2022,Vehicles,830.0,_World
Europe,Projection-STEPS,Electricity demand,2 and 3 wheelers,EV,2030,GWh,830.0,Aggregate_sales_stock
China,Projection-STEPS,EV stock,Cars,FCEV,2024,Vehicles,820.0,Other
China,Projection-STEPS,EV sales,Vans,FCEV,2022,Vehicles,810.0,Other
China,Projection-STEPS,EV stock,Vans,FCEV,2022,Vehicles,810.0,Other
Europe,Projection-STEPS,"Oil displacement, million lge",Vans,EV,2022,"Oil displacement, million lge",770.0,Aggregate_sales_stock
China,Projection-STEPS,EV stock,Cars,FCEV,2023,Vehicles,760.0,Other
Rest of the world,Projection-STEPS,EV stock,Buses,FCEV,2022,Vehicles,750.0,Other
USA,Projection-STEPS,Electricity demand,Vans,EV,2024,GWh,750.0,Other
Rest of the world,Projection-STEPS,"Oil displacement, million lge",Cars,EV,2020,"Oil displacement, million lge",710.0,Other
World,Projection-STEPS,"Oil displacement, million lge",Vans,EV,2020,"Oil displacement, million lge",710.0,_World
India,Projection-STEPS,Electricity demand,Cars,EV,2024,GWh,710.0,Other
World,Projection-STEPS,Battery demand,Cars,EV,2023,GWh,690.0,_World
USA,Projection-STEPS,EV sales,Buses,BEV,2020,Vehicles,660.0,Other
Europe,Projection-STEPS,Battery demand,Cars,EV,2030,GWh,660.0,Aggregate_sales_stock
World,Projection-STEPS,EV stock,Trucks,PHEV,2021,Vehicles,650.0,_World
Europe,Projection-STEPS,EV stock,Vans,FCEV,2024,Vehicles,640.0,Aggregate_sales_stock
USA,Projection-STEPS,EV sales,Cars,FCEV,2024,Vehicles,630.0,Other
Rest of the world,Projection-STEPS,"Oil displacement, million lge",Vans,EV,2024,"Oil displacement, million lge",600.0,Other
Rest of the world,Projection-STEPS,EV stock,Buses,FCEV,2021,Vehicles,590.0,Other
India,Projection-STEPS,"Oil displacement, million lge",2 and 3 wheelers,EV,2024,"Oil displacement, million lge",590.0,Other
China,Projection-STEPS,EV stock,Trucks,PHEV,2021,Vehicles,580.0,Other
Rest of the world,Projection-STEPS,EV stock,Trucks,BEV,2021,Vehicles,580.0,Other
China,Projection-STEPS,"Oil displacement, million lge",Vans,EV,2022,"Oil displacement, million lge",580.0,Other
Rest of the world,Projection-STEPS,"Oil displacement, million lge",2 and 3 wheelers,EV,2024,"Oil displacement, million lge",570.0,Other
Europe,Projection-STEPS,EV stock,Buses,FCEV,2023,Vehicles,560.0,Aggregate_sales_stock
USA,Projection-STEPS,EV stock,Buses,PHEV,2020,Vehicles,550.0,Other
USA,Projection-STEPS,EV stock,Buses,PHEV,2021,Vehicles,550.0,Other
USA,Projection-STEPS,EV stock,Buses,PHEV,2022,Vehicles,550.0,Other
USA,Projection-STEPS,EV stock,Buses,PHEV,2023,Vehicles,550.0,Other
USA,Projection-STEPS,EV stock,Buses,PHEV,2024,Vehicles,550.0,Other
USA,Projection-STEPS,EV stock,Vans,PHEV,2020,Vehicles,550.0,Other
USA,Projection-STEPS,EV stock,Vans,PHEV,2021,Vehicles,550.0,Other
USA,Projection-STEPS,EV stock,Vans,PHEV,2022,Vehicles,550.0,Other
USA,Projection-STEPS,EV stock,Vans,PHEV,2023,Vehicles,550.0,Other
USA,Projection-STEPS,EV stock,Vans,PHEV,2024,Vehicles,550.0,Other
World,Projection-STEPS,EV sales,Trucks,PHEV,2021,Vehicles,550.0,_World
Europe,Projection-STEPS,"Oil displacement, million lge",Vans,EV,2021,"Oil displacement, million lge",540.0,Aggregate_sales_stock
China,Projection-STEPS,EV sales,Cars,FCEV,2023,Vehicles,520.0,Other
China,Projection-STEPS,EV sales,Trucks,PHEV,2021,Vehicles,520.0,Other
Rest of the world,Projection-STEPS,EV stock,Buses,FCEV,2020,Vehicles,520.0,Other
USA,Projection-STEPS,EV stock,Buses,FCEV,2024,Vehicles,520.0,Other
India,Projection-STEPS,EV sales,Trucks,FCEV,2030,Vehicles,520.0,Other
India,Projection-STEPS,EV sales,Trucks,FCEV,2030,Vehicles,520.0,Other
Rest of the world,Projection-STEPS,EV sales,Trucks,FCEV,2030,Vehicles,520.0,Other
India,Projection-STEPS,EV sales,Vans,BEV,2022,Vehicles,510.0,Other
Rest of the world,Projection-STEPS,"Oil displacement, million lge",Vans,EV,2023,"Oil displacement, million lge",510.0,Other
USA,Projection-STEPS,EV sales,Buses,BEV,2021,Vehicles,500.0,Other
Rest of the world,Projection-STEPS,"Oil displacement, million lge",2 and 3 wheelers,EV,2023,"Oil displacement, million lge",500.0,Other
USA,Projection-STEPS,Electricity demand,Buses,EV,2024,GWh,500.0,Other
India,Projection-STEPS,"Oil displacement, million lge",Vans,EV,2030,"Oil displacement, million lge",490.0,Other
China,Projection-STEPS,Battery demand,Cars,EV,2024,GWh,490.0,Other
World,Projection-STEPS,Battery demand,Cars,EV,2022,GWh,490.0,_World
India,Projection-STEPS,EV stock,Cars,PHEV,2024,Vehicles,480.0,Other
Europe,Projection-STEPS,"Oil displacement, million lge",Trucks,EV,2024,"Oil displacement, million lge",480.0,Aggregate_sales_stock
World,Projection-STEPS,EV stock,Vans,FCEV,2021,Vehicles,460.0,_World
Rest of the world,Projection-STEPS,"Oil displacement, million lge",2 and 3 wheelers,EV,2022,"Oil displacement, million lge",440.0,Other
India,Projection-STEPS,Electricity demand,Buses,EV,2024,GWh,440.0,Other
Rest of the world,Projection-STEPS,Electricity demand,Trucks,EV,2024,GWh,440.0,Other
Europe,Projection-STEPS,EV sales,Buses,PHEV,2030,Vehicles,420.0,Aggregate_sales_stock
Europe,Projection-STEPS,"Oil displacement, million lge",Buses,EV,2024,"Oil displacement, million lge",410.0,Aggregate_sales_stock
Europe,Projection-STEPS,"Oil displacement, million lge",2 and 3 wheelers,EV,2030,"Oil displacement, million lge",410.0,Aggregate_sales_stock
Europe,Projection-STEPS,EV sales,Buses,FCEV,2024,Vehicles,400.0,Aggregate_sales_stock
World,Projection-STEPS,EV stock,Vans,FCEV,2020,Vehicles,400.0,_World
USA,Projection-STEPS,"Oil displacement, million lge",Buses,EV,2030,"Oil displacement, million lge",400.0,Other
India,Projection-STEPS,EV stock,Cars,PHEV,2023,Vehicles,390.0,Other
Rest of the world,Projection-STEPS,EV sales,Trucks,BEV,2021,Vehicles,390.0,Other
China,Projection-STEPS,"Oil displacement, million lge",Vans,EV,2021,"Oil displacement, million lge",390.0,Other
Europe,Projection-STEPS,EV stock,Vans,FCEV,2023,Vehicles,380.0,Aggregate_sales_stock
China,Projection-STEPS,Battery demand,Cars,EV,2023,GWh,380.0,Other
Rest of the world,Projection-STEPS,Battery demand,Cars,EV,2030,GWh,380.0,Other
Rest of the world,Projection-STEPS,EV sales,Buses,FCEV,2023,Vehicles,370.0,Other
Rest of the world,Projection-STEPS,EV sales,Buses,FCEV,2024,Vehicles,370.0,Other
India,Projection-STEPS,"Oil displacement, million lge",2 and 3 wheelers,EV,2023,"Oil displacement, million lge",370.0,Other
India,Projection-STEPS,EV sales,Vans,BEV,2023,Vehicles,360.0,Other
World,Projection-STEPS,EV sales,Trucks,PHEV,2023,Vehicles,360.0,_World
Rest of the world,Projection-STEPS,"Oil displacement, million lge",2 and 3 wheelers,EV,2021,"Oil displacement, million lge",360.0,Other
USA,Projection-STEPS,"Oil displacement, million lge",Vans,EV,2024,"Oil displacement, million lge",360.0,Other
Europe,Projection-STEPS,"Oil displacement, million lge",Vans,EV,2020,"Oil displacement, million lge",350.0,Aggregate_sales_stock
Rest of the world,Projection-STEPS,"Oil displacement, million lge",Vans,EV,2022,"Oil displacement, million lge",350.0,Other
USA,Projection-STEPS,EV stock,Buses,FCEV,2023,Vehicles,340.0,Other
India,Projection-STEPS,EV sales,Vans,FCEV,2030,Vehicles,340.0,Other
Europe,Projection-STEPS,EV stock,Vans,FCEV,2021,Vehicles,330.0,Aggregate_sales_stock
India,Projection-STEPS,EV charging points,EV,Publicly available slow,2020,charging points,330.0,Other
China,Projection-STEPS,EV sales,Trucks,PHEV,2023,Vehicles,320.0,Other
Europe,Projection-STEPS,EV stock,Vans,FCEV,2022,Vehicles,320.0,Aggregate_sales_stock
Europe,Projection-STEPS,EV stock,Trucks,FCEV,2024,Vehicles,320.0,Aggregate_sales_stock
Europe,Projection-STEPS,EV stock,Vans,FCEV,2020,Vehicles,310.0,Aggregate_sales_stock
Rest of the world,Projection-STEPS,EV stock,Vans,FCEV,2024,Vehicles,300.0,Other
Europe,Projection-STEPS,"Oil displacement, million lge",Buses,EV,2023,"Oil displacement, million lge",300.0,Aggregate_sales_stock
Rest of the world,Projection-STEPS,"Oil displacement, million lge",2 and 3 wheelers,EV,2020,"Oil displacement, million lge",300.0,Other
World,Projection-STEPS,Battery demand,Cars,EV,2021,GWh,290.0,_World
Europe,Projection-STEPS,"Oil displacement, million lge",Trucks,EV,2023,"Oil displacement, million lge",280.0,Aggregate_sales_stock
Rest of the world,Projection-STEPS,"Oil displacement, million lge",Buses,EV,2024,"Oil displacement, million lge",280.0,Other
Europe,Projection-STEPS,EV sales,Vans,FCEV,2024,Vehicles,270.0,Aggregate_sales_stock
India,Projection-STEPS,EV sales,Cars,PHEV,2023,Vehicles,270.0,Other
World,Projection-STEPS,EV sales,Trucks,PHEV,2022,Vehicles,270.0,_World
China,Projection-STEPS,"Oil displacement, million lge",Vans,EV,2020,"Oil displacement, million lge",270.0,Other
China,Projection-STEPS,Battery demand,Cars,EV,2022,GWh,270.0,Other
China,Projection-STEPS,EV sales,Trucks,PHEV,2022,Vehicles,260.0,Other
India,Projection-STEPS,"Oil displacement, million lge",Cars,EV,2024,"Oil displacement, million lge",260.0,Other
World,Projection-STEPS,Battery demand,Trucks,EV,2030,GWh,260.0,_World
Europe,Projection-STEPS,EV stock,Buses,FCEV,2022,Vehicles,250.0,Aggregate_sales_stock
USA,Projection-STEPS,Battery demand,Cars,EV,2030,GWh,250.0,Other
China,Projection-STEPS,EV sales,Cars,FCEV,2022,Vehicles,240.0,Other
China,Projection-STEPS,EV stock,Cars,FCEV,2022,Vehicles,240.0,Other
China,Projection-STEPS,EV stock,Vans,PHEV,2021,Vehicles,230.0,Other
USA,Projection-STEPS,EV stock,Buses,FCEV,2022,Vehicles,220.0,Other
India,Projection-STEPS,"Oil displacement, million lge",2 and 3 wheelers,EV,2022,"Oil displacement, million lge",220.0,Other
India,Projection-STEPS,"Oil displacement, million lge",Trucks,EV,2030,"Oil displacement, million lge",220.0,Other
India,Projection-STEPS,"Oil displacement, million lge",Trucks,EV,2030,"Oil displacement, million lge",220.0,Other
Europe,Projection-STEPS,EV sales,Buses,FCEV,2023,Vehicles,210.0,Aggregate_sales_stock
Rest of the world,Projection-STEPS,EV stock,Trucks,BEV,2020,Vehicles,210.0,Other
USA,Projection-STEPS,EV stock,Vans,FCEV,2024,Vehicles,210.0,Other
Rest of the world,Projection-STEPS,"Oil displacement, million lge",Buses,EV,2023,"Oil displacement, million lge",210.0,Other
Europe,Projection-STEPS,"Oil displacement, million lge",Buses,EV,2022,"Oil displacement, million lge",200.0,Aggregate_sales_stock
Europe,Projection-STEPS,EV stock,Buses,FCEV,2021,Vehicles,190.0,Aggregate_sales_stock
USA,Projection-STEPS,EV sales,Buses,FCEV,2024,Vehicles,180.0,Other
World,Projection-STEPS,EV sales,Buses,PHEV,2024,Vehicles,180.0,_World
Rest of the world,Projection-STEPS,"Oil displacement, million lge",Vans,EV,2021,"Oil displacement, million lge",180.0,Other
Europe,Projection-STEPS,Electricity demand,2 and 3 wheelers,EV,2024,GWh,180.0,Aggregate_sales_stock
China,Projection-STEPS,Battery demand,Trucks,EV,2030,GWh,180.0,Other
Rest of the world,Projection-STEPS,EV sales,Buses,FCEV,2022,Vehicles,170.0,Other
India,Projection-STEPS,"Oil displacement, million lge",Cars,EV,2023,"Oil displacement, million lge",170.0,Other
Europe,Projection-STEPS,Battery demand,Cars,EV,2024,GWh,170.0,Aggregate_sales_stock
World,Projection-STEPS,Battery demand,Vans,EV,2030,GWh,170.0,_World
USA,Projection-STEPS,EV sales,Buses,PHEV,2030,Vehicles,170.0,Other
China,Projection-STEPS,EV sales,Vans,PHEV,2021,Vehicles,160.0,Other
Europe,Projection-STEPS,EV sales,Trucks,FCEV,2024,Vehicles,160.0,Aggregate_sales_stock
Europe,Projection-STEPS,EV stock,Trucks,FCEV,2023,Vehicles,160.0,Aggregate_sales_stock
Europe,Projection-STEPS,EV stock,Trucks,PHEV,2024,Vehicles,160.0,Aggregate_sales_stock
Europe,Projection-STEPS,Battery demand,Cars,EV,2023,GWh,160.0,Aggregate_sales_stock
Europe,Projection-STEPS,EV sales,Buses,PHEV,2024,Vehicles,150.0,Aggregate_sales_stock
Europe,Projection-STEPS,EV sales,Buses,FCEV,2022,Vehicles,140.0,Aggregate_sales_stock
Europe,Projection-STEPS,EV sales,Buses,PHEV,2021,Vehicles,140.0,Aggregate_sales_stock
Europe,Projection-STEPS,EV sales,Buses,PHEV,2023,Vehicles,140.0,Aggregate_sales_stock
Rest of the world,Projection-STEPS,EV sales,Buses,FCEV,2020,Vehicles,140.0,Other
USA,Projection-STEPS,EV sales,Buses,FCEV,2022,Vehicles,140.0,Other
Europe,Projection-STEPS,"Oil displacement, million lge",Buses,EV,2021,"Oil displacement, million lge",140.0,Aggregate_sales_stock
Rest of the world,Projection-STEPS,"Oil displacement, million lge",Buses,EV,2022,"Oil displacement, million lge",140.0,Other
China,Projection-STEPS,Battery demand,Cars,EV,2021,GWh,140.0,Other
Europe,Projection-STEPS,EV sales,Buses,PHEV,2020,Vehicles,130.0,Aggregate_sales_stock
Europe,Projection-STEPS,"Oil displacement, million lge",Trucks,EV,2022,"Oil displacement, million lge",130.0,Aggregate_sales_stock
India,Projection-STEPS,"Oil displacement, million lge",2 and 3 wheelers,EV,2021,"Oil displacement, million lge",130.0,Other
World,Projection-STEPS,Battery demand,Cars,EV,2020,GWh,130.0,_World
Europe,Projection-STEPS,EV stock,Buses,FCEV,2020,Vehicles,120.0,Aggregate_sales_stock
India,Projection-STEPS,EV stock,Cars,PHEV,2022,Vehicles,120.0,Other
USA,Projection-STEPS,EV sales,Buses,FCEV,2023,Vehicles,120.0,Other
Europe,Projection-STEPS,Battery demand,Cars,EV,2022,GWh,120.0,Aggregate_sales_stock
World,Projection-STEPS,EV sales,Vans,FCEV,2021,Vehicles,110.0,_World
World,Projection-STEPS,EV stock,Trucks,PHEV,2020,Vehicles,110.0,_World
India,Projection-STEPS,"Oil displacement, million lge",Buses,EV,2024,"Oil displacement, million lge",110.0,Other
USA,Projection-STEPS,"Oil displacement, million lge",Vans,EV,2023,"Oil displacement, million lge",110.0,Other
USA,Projection-STEPS,Battery demand,Cars,EV,2024,GWh,110.0,Other
World,Projection-STEPS,Battery demand,2 and 3 wheelers,EV,2030,GWh,110.0,_World
India,Projection-STEPS,EV stock,Buses,PHEV,2030,Vehicles,110.0,Other
Europe,Projection-STEPS,EV stock,Trucks,PHEV,2023,Vehicles,100.0,Aggregate_sales_stock
India,Projection-STEPS,EV stock,Buses,FCEV,2023,Vehicles,100.0,Other
India,Projection-STEPS,EV stock,Buses,FCEV,2024,Vehicles,100.0,Other
India,Projection-STEPS,EV stock,Cars,PHEV,2021,Vehicles,100.0,Other
Rest of the world,Projection-STEPS,"Oil displacement, million lge",Trucks,EV,2024,"Oil displacement, million lge",97.0,Other
USA,Projection-STEPS,Battery demand,Cars,EV,2023,GWh,96.0,Other
India,Projection-STEPS,EV sales,Cars,PHEV,2024,Vehicles,95.0,Other
Europe,Projection-STEPS,"Oil displacement, million lge",2 and 3 wheelers,EV,2024,"Oil displacement, million lge",92.0,Aggregate_sales_stock
India,Projection-STEPS,"Oil displacement, million lge",2 and 3 wheelers,EV,2020,"Oil displacement, million lge",92.0,Other
World,Projection-STEPS,Battery demand,Buses,EV,2030,GWh,89.0,_World
India,Projection-STEPS,Electricity demand,Vans,EV,2024,GWh,88.0,Other
Europe,Projection-STEPS,Battery demand,Cars,EV,2021,GWh,87.0,Aggregate_sales_stock
Europe,Projection-STEPS,"Oil displacement, million lge",Buses,EV,2020,"Oil displacement, million lge",86.0,Aggregate_sales_stock
Rest of the world,Projection-STEPS,EV sales,Vans,FCEV,2021,Vehicles,82.0,Other
China,Projection-STEPS,EV sales share,Cars,EV,2030,percent,82.0,Other
USA,Projection-STEPS,EV stock,Vans,FCEV,2020,Vehicles,81.0,Other
USA,Projection-STEPS,EV stock,Vans,FCEV,2021,Vehicles,81.0,Other
USA,Projection-STEPS,EV stock,Vans,FCEV,2022,Vehicles,81.0,Other
USA,Projection-STEPS,EV stock,Vans,FCEV,2023,Vehicles,81.0,Other
Rest of the world,Projection-STEPS,EV sales,Buses,FCEV,2021,Vehicles,79.0,Other
USA,Projection-STEPS,EV stock,Buses,FCEV,2021,Vehicles,79.0,Other
India,Projection-STEPS,"Oil displacement, million lge",Cars,EV,2022,"Oil displacement, million lge",79.0,Other
India,Projection-STEPS,"Oil displacement, million lge",Buses,EV,2023,"Oil displacement, million lge",78.0,Other
China,Projection-STEPS,EV stock,Vans,PHEV,2020,Vehicles,77.0,Other
USA,Projection-STEPS,"Oil displacement, million lge",Buses,EV,2024,"Oil displacement, million lge",77.0,Other
World,Projection-STEPS,EV sales,Vans,FCEV,2020,Vehicles,76.0,_World
Rest of the world,Projection-STEPS,"Oil displacement, million lge",Vans,EV,2020,"Oil displacement, million lge",76.0,Other
China,Projection-STEPS,EV sales share,Buses,EV,2030,percent,74.0,Other
Europe,Projection-STEPS,EV sales,Buses,PHEV,2022,Vehicles,73.0,Aggregate_sales_stock
Europe,Projection-STEPS,"Oil displacement, million lge",2 and 3 wheelers,EV,2023,"Oil displacement, million lge",73.0,Aggregate_sales_stock
Rest of the world,Projection-STEPS,"Oil displacement, million lge",Buses,EV,2021,"Oil displacement, million lge",73.0,Other
Rest of the world,Projection-STEPS,EV stock,Vans,FCEV,2023,Vehicles,72.0,Other
Rest of the world,Projection-STEPS,EV sales,Trucks,BEV,2020,Vehicles,70.0,Other
Europe,Projection-STEPS,EV sales,Buses,FCEV,2020,Vehicles,69.0,Aggregate_sales_stock
Europe,Projection-STEPS,EV sales,Trucks,FCEV,2021,Vehicles,69.0,Aggregate_sales_stock
Europe,Projection-STEPS,EV stock,Trucks,PHEV,2022,Vehicles,69.0,Aggregate_sales_stock
Rest of the world,Projection-STEPS,Battery demand,Cars,EV,2024,GWh,69.0,Other
USA,Projection-STEPS,Battery demand,Cars,EV,2022,GWh,69.0,Other
Rest of the world,Projection-STEPS,EV sales,Vans,FCEV,2020,Vehicles,67.0,Other
China,Projection-STEPS,EV sales share,Buses,EV,2020,percent,66.0,Other
China,Projection-STEPS,EV sales share,Buses,EV,2022,percent,66.0,Other
USA,Projection-STEPS,"Oil displacement, million lge",Buses,EV,2023,"Oil displacement, million lge",65.0,Other
Europe,Projection-STEPS,Battery demand,Vans,EV,2030,GWh,65.0,Aggregate_sales_stock
Europe,Projection-STEPS,EV sales,Vans,FCEV,2023,Vehicles,64.0,Aggregate_sales_stock
USA,Projection-STEPS,EV stock,Buses,FCEV,2020,Vehicles,64.0,Other
China,Projection-STEPS,EV sales share,Buses,EV,2024,percent,64.0,Other
China,Projection-STEPS,EV sales,Cars,FCEV,2024,Vehicles,62.0,Other
Rest of the world,Projection-STEPS,EV stock,Trucks,FCEV,2024,Vehicles,61.0,Other
Europe,Projection-STEPS,"Oil displacement, million lge",Trucks,EV,2021,"Oil displacement, million lge",60.0,Aggregate_sales_stock
China,Projection-STEPS,EV stock share,Buses,EV,2030,percent,60.0,Other
India,Projection-STEPS,"Oil displacement, million lge",Buses,EV,2022,"Oil displacement, million lge",59.0,Other
Rest of the world,Projection-STEPS,"Oil displacement, million lge",Trucks,EV,2023,"Oil displacement, million lge",59.0,Other
China,Projection-STEPS,EV stock,Trucks,PHEV,2020,Vehicles,58.0,Other
Europe,Projection-STEPS,EV sales share,Cars,EV,2030,percent,58.0,Aggregate_sales_stock
China,Projection-STEPS,Battery demand,Vans,EV,2030,GWh,57.0,Other
China,Projection-STEPS,EV sales share,Buses,EV,2021,percent,56.0,Other
China,Projection-STEPS,EV sales share,2 and 3 wheelers,EV,2021,percent,55.0,Other
China,Projection-STEPS,EV sales share,Buses,EV,2023,percent,55.0,Other
Europe,Projection-STEPS,EV sales,Buses,FCEV,2021,Vehicles,53.0,Aggregate_sales_stock
Europe,Projection-STEPS,EV stock,Trucks,PHEV,2020,Vehicles,52.0,Aggregate_sales_stock
World,Projection-STEPS,EV stock,2 and 3 wheelers,PHEV,2023,Vehicles,52.0,_World
World,Projection-STEPS,EV stock,2 and 3 wheelers,PHEV,2024,Vehicles,52.0,_World
Europe,Projection-STEPS,Battery demand,Trucks,EV,2030,GWh,52.0,Aggregate_sales_stock
China,Projection-STEPS,EV sales share,Vans,EV,2030,percent,52.0,Other
Europe,Projection-STEPS,EV stock,2 and 3 wheelers,PHEV,2023,Vehicles,51.0,Aggregate_sales_stock
Europe,Projection-STEPS,EV stock,2 and 3 wheelers,PHEV,2024,Vehicles,51.0,Aggregate_sales_stock
Europe,Projection-STEPS,Battery demand,Cars,EV,2020,GWh,51.0,Aggregate_sales_stock
Rest of the world,Projection-STEPS,Battery demand,Cars,EV,2023,GWh,51.0,Other
Europe,Projection-STEPS,EV stock,Trucks,PHEV,2021,Vehicles,50.0,Aggregate_sales_stock
India,Projection-STEPS,EV sales,Cars,PHEV,2021,Vehicles,50.0,Other
India,Projection-STEPS,EV stock,Cars,PHEV,2020,Vehicles,50.0,Other
Rest of the world,Projection-STEPS,EV stock,Vans,FCEV,2021,Vehicles,50.0,Other
Rest of the world,Projection-STEPS,EV stock,Vans,FCEV,2022,Vehicles,50.0,Other
Europe,Projection-STEPS,"Oil displacement, million lge",2 and 3 wheelers,EV,2022,"Oil displacement, million lge",50.0,Aggregate_sales_stock
China,Projection-STEPS,Battery demand,Cars,EV,2020,GWh,50.0,Other
Europe,Projection-STEPS,EV sales share,Vans,EV,2030,percent,50.0,Aggregate_sales_stock
India,Projection-STEPS,EV sales,Buses,FCEV,2020,Vehicles,49.0,Other
India,Projection-STEPS,EV sales,Buses,FCEV,2022,Vehicles,49.0,Other
China,Projection-STEPS,EV sales share,Cars,EV,2024,percent,48.0,Other
Rest of the world,Projection-STEPS,"Oil displacement, million lge",Buses,EV,2020,"Oil displacement, million lge",47.0,Other
USA,Projection-STEPS,"Oil displacement, million lge",Vans,EV,2022,"Oil displacement, million lge",46.0,Other
China,Projection-STEPS,Battery demand,2 and 3 wheelers,EV,2030,GWh,46.0,Other
China,Projection-STEPS,EV sales share,2 and 3 wheelers,EV,2024,percent,46.0,Other
China,Projection-STEPS,EV sales share,2 and 3 wheelers,EV,2020,percent,45.0,Other
India,Projection-STEPS,EV sales,Cars,PHEV,2020,Vehicles,43.0,Other
China,Projection-STEPS,EV sales share,2 and 3 wheelers,EV,2022,percent,43.0,Other
China,Projection-STEPS,EV sales share,2 and 3 wheelers,EV,2023,percent,43.0,Other
Rest of the world,Projection-STEPS,EV stock,Buses,PHEV,2024,Vehicles,42.0,Other
World,Projection-STEPS,Battery demand,Vans,EV,2024,GWh,42.0,_World
World,Projection-STEPS,EV sales share,Cars,EV,2030,percent,42.0,_World
Europe,Projection-STEPS,EV sales,Trucks,FCEV,2023,Vehicles,41.0,Aggregate_sales_stock
India,Projection-STEPS,"Oil displacement, million lge",Buses,EV,2021,"Oil displacement, million lge",40.0,Other
India,Projection-STEPS,Battery demand,Cars,EV,2030,GWh,40.0,Other
Europe,Projection-STEPS,EV sales share,Buses,EV,2030,percent,40.0,Aggregate_sales_stock
USA,Projection-STEPS,Electricity demand,2 and 3 wheelers,EV,2030,GWh,39.0,Other
China,Projection-STEPS,EV stock share,2 and 3 wheelers,EV,2024,percent,39.0,Other
Rest of the world,Projection-STEPS,EV sales,Trucks,FCEV,2023,Vehicles,38.0,Other
USA,Projection-STEPS,Battery demand,Cars,EV,2021,GWh,38.0,Other
China,Projection-STEPS,EV sales share,Cars,EV,2023,percent,38.0,Other
Europe,Projection-STEPS,EV sales,Trucks,PHEV,2023,Vehicles,37.0,Aggregate_sales_stock
China,Projection-STEPS,EV stock share,Cars,EV,2030,percent,36.0,Other
China,Projection-STEPS,EV stock share,2 and 3 wheelers,EV,2023,percent,35.0,Other
Europe,Projection-STEPS,"Oil displacement, million lge",2 and 3 wheelers,EV,2021,"Oil displacement, million lge",34.0,Aggregate_sales_stock
Rest of the world,Projection-STEPS,EV sales,Buses,PHEV,2024,Vehicles,33.0,Other
Rest of the world,Projection-STEPS,EV sales,Trucks,FCEV,2021,Vehicles,33.0,Other
Rest of the world,Projection-STEPS,EV stock,Trucks,FCEV,2023,Vehicles,33.0,Other
China,Projection-STEPS,Battery demand,Buses,EV,2030,GWh,33.0,Other
China,Projection-STEPS,EV sales share,Vans,EV,2024,percent,33.0,Other
Europe,Projection-STEPS,"Oil displacement, million lge",Trucks,EV,2020,"Oil displacement, million lge",32.0,Aggregate_sales_stock
USA,Projection-STEPS,"Oil displacement, million lge",Buses,EV,2022,"Oil displacement, million lge",32.0,Other
India,Projection-STEPS,Battery demand,2 and 3 wheelers,EV,2030,GWh,32.0,Other
Rest of the world,Projection-STEPS,Battery demand,Vans,EV,2030,GWh,32.0,Other
World,Projection-STEPS,Battery demand,2 and 3 wheelers,EV,2024,GWh,32.0,_World
China,Projection-STEPS,EV sales share,Trucks,EV,2030,percent,32.0,Other
World,Projection-STEPS,EV sales,Trucks,PHEV,2020,Vehicles,31.0,_World
World,Projection-STEPS,Battery demand,2 and 3 wheelers,EV,2021,GWh,31.0,_World
Europe,Projection-STEPS,EV stock,Trucks,FCEV,2022,Vehicles,30.0,Aggregate_sales_stock
India,Projection-STEPS,"Oil displacement, million lge",Vans,EV,2024,"Oil displacement, million lge",30.0,Other
Rest of the world,Projection-STEPS,"Oil displacement, million lge",Trucks,EV,2022,"Oil displacement, million lge",30.0,Other
Rest of the world,Projection-STEPS,Battery demand,Cars,EV,2022,GWh,30.0,Other
World,Projection-STEPS,Battery demand,2 and 3 wheelers,EV,2023,GWh,30.0,_World
China,Projection-STEPS,EV stock share,Buses,EV,2024,percent,30.0,Other
India,Projection-STEPS,"Oil displacement, million lge",Buses,EV,2020,"Oil displacement, million lge",29.0,Other
Rest of the world,Projection-STEPS,Battery demand,Buses,EV,2030,GWh,29.0,Other
China,Projection-STEPS,EV sales share,Cars,EV,2022,percent,29.0,Other
Rest of the world,Projection-STEPS,EV sales,Trucks,FCEV,2024,Vehicles,28.0,Other
China,Projection-STEPS,Battery demand,2 and 3 wheelers,EV,2021,GWh,28.0,Other
China,Projection-STEPS,Battery demand,Vans,EV,2024,GWh,28.0,Other
World,Projection-STEPS,Battery demand,2 and 3 wheelers,EV,2022,GWh,28.0,_World
China,Projection-STEPS,EV stock share,2 and 3 wheelers,EV,2022,percent,28.0,Other
China,Projection-STEPS,EV sales,Trucks,PHEV,2020,Vehicles,27.0,Other
Europe,Projection-STEPS,EV sales,Vans,FCEV,2021,Vehicles,27.0,Aggregate_sales_stock
Europe,Projection-STEPS,EV sales,Trucks,FCEV,2020,Vehicles,27.0,Aggregate_sales_stock
Rest of the world,Projection-STEPS,Battery demand,2 and 3 wheelers,EV,2030,GWh,27.0,Other
World,Projection-STEPS,Battery demand,Vans,EV,2023,GWh,26.0,_World
China,Projection-STEPS,EV stock share,2 and 3 wheelers,EV,2021,percent,26.0,Other
China,Projection-STEPS,EV stock share,Buses,EV,2023,percent,26.0,Other
India,Projection-STEPS,EV sales share,Buses,EV,2030,percent,25.0,Other
USA,Projection-STEPS,"Oil displacement, million lge",Buses,EV,2021,"Oil displacement, million lge",24.0,Other
World,Projection-STEPS,Battery demand,Trucks,EV,2024,GWh,24.0,_World
India,Projection-STEPS,EV sales,Buses,PHEV,2030,Vehicles,24.0,Other
Europe,Projection-STEPS,EV sales share,Trucks,EV,2030,percent,24.0,Aggregate_sales_stock
World,Projection-STEPS,EV sales share,Vans,EV,2030,percent,24.0,_World
India,Projection-STEPS,EV sales,Cars,PHEV,2022,Vehicles,23.0,Other
Europe,Projection-STEPS,"Oil displacement, million lge",2 and 3 wheelers,EV,2020,"Oil displacement, million lge",23.0,Aggregate_sales_stock
China,Projection-STEPS,Battery demand,2 and 3 wheelers,EV,2022,GWh,23.0,Other
China,Projection-STEPS,Battery demand,2 and 3 wheelers,EV,2023,GWh,23.0,Other
China,Projection-STEPS,EV stock share,Buses,EV,2022,percent,23.0,Other
China,Projection-STEPS,EV stock share,Vans,EV,2030,percent,23.0,Other
USA,Projection-STEPS,EV sales,Buses,FCEV,2020,Vehicles,22.0,Other
World,Projection-STEPS,EV sales,Trucks,PHEV,2024,Vehicles,22.0,_World
India,Projection-STEPS,"Oil displacement, million lge",Cars,EV,2021,"Oil displacement, million lge",22.0,Other
China,Projection-STEPS,Battery demand,2 and 3 wheelers,EV,2024,GWh,22.0,Other
World,Projection-STEPS,Battery demand,2 and 3 wheelers,EV,2020,GWh,22.0,_World
Europe,Projection-STEPS,EV sales share,Cars,EV,2023,percent,22.0,Aggregate_sales_stock
Europe,Projection-STEPS,EV sales share,Cars,EV,2024,percent,22.0,Aggregate_sales_stock
World,Projection-STEPS,EV sales share,Cars,EV,2024,percent,22.0,_World
Europe,Projection-STEPS,EV sales,Trucks,PHEV,2024,Vehicles,21.0,Aggregate_sales_stock
China,Projection-STEPS,EV stock share,2 and 3 wheelers,EV,2020,percent,21.0,Other
Europe,Projection-STEPS,EV sales share,Cars,EV,2022,percent,21.0,Aggregate_sales_stock
USA,Projection-STEPS,EV sales share,Cars,EV,2030,percent,21.0,Other
USA,Projection-STEPS,"Oil displacement, million lge",Buses,EV,2020,"Oil displacement, million lge",20.0,Other
USA,Projection-STEPS,"Oil displacement, million lge",2 and 3 wheelers,EV,2030,"Oil displacement, million lge",20.0,Other
China,Projection-STEPS,Battery demand,2 and 3 wheelers,EV,2020,GWh,20.0,Other
China,Projection-STEPS,Battery demand,Trucks,EV,2024,GWh,20.0,Other
China,Projection-STEPS,EV stock share,Buses,EV,2021,percent,20.0,Other
China,Projection-STEPS,EV sales,Cars,FCEV,2021,Vehicles,19.0,Other
China,Projection-STEPS,EV stock,Cars,FCEV,2021,Vehicles,19.0,Other
USA,Projection-STEPS,Battery demand,Trucks,EV,2030,GWh,19.0,Other
World,Projection-STEPS,EV sales share,2 and 3 wheelers,EV,2021,percent,19.0,_World
Rest of the world,Projection-STEPS,EV sales,Vans,FCEV,2022,Vehicles,18.0,Other
Rest of the world,Projection-STEPS,EV sales,Trucks,FCEV,2022,Vehicles,18.0,Other
USA,Projection-STEPS,Battery demand,Cars,EV,2020,GWh,18.0,Other
China,Projection-STEPS,EV stock share,Buses,EV,2020,percent,18.0,Other
Rest of the world,Projection-STEPS,EV sales share,Cars,EV,2030,percent,18.0,Other
USA,Projection-STEPS,EV sales share,Vans,EV,2030,percent,18.0,Other
World,Projection-STEPS,EV sales share,Cars,EV,2023,percent,18.0,_World
Europe,Projection-STEPS,EV stock,Trucks,FCEV,2021,Vehicles,17.0,Aggregate_sales_stock
World,Projection-STEPS,Battery demand,Vans,EV,2022,GWh,17.0,_World
Europe,Projection-STEPS,EV sales share,Cars,EV,2021,percent,17.0,Aggregate_sales_stock
World,Projection-STEPS,EV sales share,Buses,EV,2030,percent,17.0,_World
Europe,Projection-STEPS,EV sales,Trucks,FCEV,2022,Vehicles,16.0,Aggregate_sales_stock
Europe,Projection-STEPS,EV sales,Trucks,PHEV,2021,Vehicles,16.0,Aggregate_sales_stock
Rest of the world,Projection-STEPS,EV stock,Vans,FCEV,2020,Vehicles,16.0,Other
India,Projection-STEPS,"Oil displacement, million lge",Vans,EV,2022,"Oil displacement, million lge",16.0,Other
Rest of the world,Projection-STEPS,Battery demand,Cars,EV,2021,GWh,16.0,Other
USA,Projection-STEPS,Battery demand,Vans,EV,2030,GWh,16.0,Other
Europe,Projection-STEPS,EV sales,Trucks,PHEV,2022,Vehicles,15.0,Aggregate_sales_stock
USA,Projection-STEPS,EV sales,Buses,FCEV,2021,Vehicles,15.0,Other
USA,Projection-STEPS,EV sales,Vans,BEV,2021,Vehicles,15.0,Other
India,Projection-STEPS,"Oil displacement, million lge",Vans,EV,2023,"Oil displacement, million lge",15.0,Other
World,Projection-STEPS,Battery demand,Buses,EV,2024,GWh,15.0,_World
China,Projection-STEPS,EV sales share,Vans,EV,2023,percent,15.0,Other
China,Projection-STEPS,EV sales share,Cars,EV,2021,percent,15.0,Other
Europe,Projection-STEPS,EV stock share,Cars,EV,2030,percent,15.0,Aggregate_sales_stock
World,Projection-STEPS,EV sales share,2 and 3 wheelers,EV,2020,percent,15.0,_World
World,Projection-STEPS,EV sales share,2 and 3 wheelers,EV,2022,percent,15.0,_World
World,Projection-STEPS,EV sales share,2 and 3 wheelers,EV,2023,percent,15.0,_World
World,Projection-STEPS,EV sales share,2 and 3 wheelers,EV,2024,percent,15.0,_World
World,Projection-STEPS,EV sales share,Cars,EV,2022,percent,15.0,_World
World,Projection-STEPS,EV stock share,Cars,EV,2030,percent,15.0,_World
Europe,Projection-STEPS,EV stock,2 and 3 wheelers,FCEV,2020,Vehicles,14.0,Aggregate_sales_stock
World,Projection-STEPS,EV stock,2 and 3 wheelers,FCEV,2020,Vehicles,14.0,_World
World,Projection-STEPS,EV stock,2 and 3 wheelers,FCEV,2021,Vehicles,14.0,_World
World,Projection-STEPS,EV stock,2 and 3 wheelers,FCEV,2022,Vehicles,14.0,_World
India,Projection-STEPS,"Oil displacement, million lge",Vans,EV,2021,"Oil displacement, million lge",14.0,Other
USA,Projection-STEPS,Electricity demand,2 and 3 wheelers,EV,2024,GWh,14.0,Other
Europe,Projection-STEPS,Battery demand,Buses,EV,2030,GWh,14.0,Aggregate_sales_stock
World,Projection-STEPS,Battery demand,Buses,EV,2020,GWh,14.0,_World
World,Projection-STEPS,Battery demand,Trucks,EV,2023,GWh,14.0,_World
India,Projection-STEPS,EV sales share,Cars,EV,2030,percent,14.0,Other
Rest of the world,Projection-STEPS,EV sales,Trucks,PHEV,2021,Vehicles,13.0,Other
Rest of the world,Projection-STEPS,EV stock,Trucks,PHEV,2021,Vehicles,13.0,Other
Rest of the world,Projection-STEPS,EV stock,Trucks,PHEV,2022,Vehicles,13.0,Other
Rest of the world,Projection-STEPS,EV stock,Trucks,PHEV,2023,Vehicles,13.0,Other
Rest of the world,Projection-STEPS,EV stock,Trucks,PHEV,2024,Vehicles,13.0,Other
World,Projection-STEPS,EV stock,2 and 3 wheelers,FCEV,2023,Vehicles,13.0,_World
World,Projection-STEPS,Battery demand,Buses,EV,2022,GWh,13.0,_World
World,Projection-STEPS,Battery demand,Buses,EV,2023,GWh,13.0,_World
Europe,Projection-STEPS,EV sales share,Buses,EV,2024,percent,13.0,Aggregate_sales_stock
USA,Projection-STEPS,EV sales share,Buses,EV,2030,percent,13.0,Other
World,Projection-STEPS,EV sales share,Trucks,EV,2030,percent,13.0,_World
Europe,Projection-STEPS,EV stock,2 and 3 wheelers,FCEV,2021,Vehicles,12.0,Aggregate_sales_stock
Europe,Projection-STEPS,EV stock,2 and 3 wheelers,FCEV,2022,Vehicles,12.0,Aggregate_sales_stock
China,Projection-STEPS,Battery demand,Buses,EV,2020,GWh,12.0,Other
China,Projection-STEPS,Battery demand,Vans,EV,2023,GWh,12.0,Other
Rest of the world,Projection-STEPS,Battery demand,Trucks,EV,2030,GWh,12.0,Other
World,Projection-STEPS,Battery demand,Buses,EV,2021,GWh,12.0,_World
Europe,Projection-STEPS,EV stock share,Buses,EV,2030,percent,12.0,Aggregate_sales_stock
Europe,Projection-STEPS,EV stock,2 and 3 wheelers,FCEV,2023,Vehicles,11.0,Aggregate_sales_stock
USA,Projection-STEPS,"Oil displacement, million lge",Vans,EV,2020,"Oil displacement, million lge",11.0,Other
China,Projection-STEPS,Battery demand,Trucks,EV,2023,GWh,11.0,Other
China,Projection-STEPS,EV sales share,Vans,EV,2022,percent,11.0,Other
China,Projection-STEPS,EV stock share,Cars,EV,2024,percent,11.0,Other
Europe,Projection-STEPS,EV sales share,Buses,EV,2023,percent,11.0,Aggregate_sales_stock
World,Projection-STEPS,EV stock share,Buses,EV,2030,percent,11.0,_World
Rest of the world,Projection-STEPS,EV sales,Vans,FCEV,2023,Vehicles,10.0,Other
India,Projection-STEPS,"Oil displacement, million lge",Vans,EV,2020,"Oil displacement, million lge",10.0,Other
Europe,Projection-STEPS,EV stock share,Vans,EV,2030,percent,10.0,Aggregate_sales_stock
Europe,Projection-STEPS,EV sales share,Cars,EV,2020,percent,10.0,Aggregate_sales_stock
USA,Projection-STEPS,EV sales share,Cars,EV,2024,percent,10.0,Other
USA,Projection-STEPS,"Oil displacement, million lge",Vans,EV,2021,"Oil displacement, million lge",9.9,Other
India,Projection-STEPS,Battery demand,Buses,EV,2030,GWh,9.6,Other
China,Projection-STEPS,Battery demand,Buses,EV,2021,GWh,9.5,Other
USA,Projection-STEPS,EV sales share,Cars,EV,2023,percent,9.5,Other
Europe,Projection-STEPS,EV sales share,2 and 3 wheelers,EV,2022,percent,9.4,Aggregate_sales_stock
Europe,Projection-STEPS,EV sales share,Buses,EV,2022,percent,9.3,Aggregate_sales_stock
World,Projection-STEPS,EV sales share,Cars,EV,2021,percent,9.3,_World
World,Projection-STEPS,EV stock share,2 and 3 wheelers,EV,2024,percent,9.2,_World
China,Projection-STEPS,Battery demand,Buses,EV,2022,GWh,9.1,Other
India,Projection-STEPS,EV sales share,2 and 3 wheelers,EV,2024,percent,9.1,Other
Europe,Projection-STEPS,EV sales,Vans,FCEV,2020,Vehicles,9.0,Aggregate_sales_stock
Europe,Projection-STEPS,EV stock,Trucks,FCEV,2020,Vehicles,9.0,Aggregate_sales_stock
Rest of the world,Projection-STEPS,EV stock,Buses,PHEV,2022,Vehicles,9.0,Other
India,Projection-STEPS,EV sales share,Vans,EV,2030,percent,9.0,Other
Rest of the world,Projection-STEPS,EV sales share,Vans,EV,2030,percent,9.0,Other
Rest of the world,Projection-STEPS,EV stock,Buses,PHEV,2023,Vehicles,8.9,Other
India,Projection-STEPS,"Oil displacement, million lge",Cars,EV,2020,"Oil displacement, million lge",8.9,Other
World,Projection-STEPS,Battery demand,Trucks,EV,2022,GWh,8.8,_World
Europe,Projection-STEPS,Battery demand,Vans,EV,2023,GWh,8.7,Aggregate_sales_stock
China,Projection-STEPS,Battery demand,Buses,EV,2024,GWh,8.6,Other
World,Projection-STEPS,Battery demand,Vans,EV,2021,GWh,8.5,_World
Rest of the world,Projection-STEPS,"Oil displacement, million lge",Trucks,EV,2021,"Oil displacement, million lge",8.3,Other
China,Projection-STEPS,Battery demand,Vans,EV,2022,GWh,8.3,Other
World,Projection-STEPS,EV stock share,2 and 3 wheelers,EV,2023,percent,8.3,_World
Rest of the world,Projection-STEPS,Battery demand,Cars,EV,2020,GWh,8.0,Other
Europe,Projection-STEPS,EV sales share,2 and 3 wheelers,EV,2023,percent,8.0,Aggregate_sales_stock
Europe,Projection-STEPS,EV sales share,2 and 3 wheelers,EV,2024,percent,8.0,Aggregate_sales_stock
USA,Projection-STEPS,EV sales share,Trucks,EV,2030,percent,8.0,Other
USA,Projection-STEPS,EV stock share,Vans,EV,2030,percent,8.0,Other
USA,Projection-STEPS,EV stock share,Cars,EV,2030,percent,8.0,Other
India,Projection-STEPS,EV sales share,2 and 3 wheelers,EV,2023,percent,7.9,Other
China,Projection-STEPS,Battery demand,Trucks,EV,2022,GWh,7.8,Other
USA,Projection-STEPS,"Oil displacement, million lge",2 and 3 wheelers,EV,2024,"Oil displacement, million lge",7.5,Other
China,Projection-STEPS,EV stock share,Cars,EV,2023,percent,7.5,Other
USA,Projection-STEPS,EV sales share,Cars,EV,2022,percent,7.4,Other
India,Projection-STEPS,EV sales share,Buses,EV,2021,percent,7.2,Other
World,Projection-STEPS,EV sales share,Vans,EV,2024,percent,7.1,_World
Rest of the world,Projection-STEPS,EV sales,Buses,PHEV,2022,Vehicles,7.0,Other
Rest of the world,Projection-STEPS,EV sales,Trucks,FCEV,2020,Vehicles,7.0,Other
India,Projection-STEPS,Battery demand,2 and 3 wheelers,EV,2024,GWh,7.0,Other
China,Projection-STEPS,EV stock share,Trucks,EV,2030,percent,7.0,Other
Rest of the world,Projection-STEPS,EV sales share,Buses,EV,2030,percent,7.0,Other
World,Projection-STEPS,EV stock share,Vans,EV,2030,percent,7.0,_World
Europe,Projection-STEPS,Battery demand,Vans,EV,2024,GWh,6.8,Aggregate_sales_stock
USA,Projection-STEPS,"Oil displacement, million lge",2 and 3 wheelers,EV,2023,"Oil displacement, million lge",6.7,Other
Europe,Projection-STEPS,EV sales share,Buses,EV,2021,percent,6.7,Aggregate_sales_stock
India,Projection-STEPS,EV sales share,Buses,EV,2022,percent,6.7,Other
China,Projection-STEPS,Battery demand,Buses,EV,2023,GWh,6.6,Other
World,Projection-STEPS,EV stock share,2 and 3 wheelers,EV,2022,percent,6.6,_World
Europe,Projection-STEPS,EV sales share,2 and 3 wheelers,EV,2021,percent,6.5,Aggregate_sales_stock
Europe,Projection-STEPS,EV sales share,Vans,EV,2023,percent,6.3,Aggregate_sales_stock
World,Projection-STEPS,EV stock share,2 and 3 wheelers,EV,2021,percent,6.1,_World
World,Projection-STEPS,EV stock,2 and 3 wheelers,FCEV,2024,Vehicles,6.0,_World
World,Projection-STEPS,EV stock,2 and 3 wheelers,PHEV,2022,Vehicles,6.0,_World
India,Projection-STEPS,EV sales share,Buses,EV,2020,percent,6.0,Other
India,Projection-STEPS,EV stock share,Buses,EV,2030,percent,6.0,Other
USA,Projection-STEPS,EV stock share,Buses,EV,2030,percent,6.0,Other
World,Projection-STEPS,EV sales share,Buses,EV,2024,percent,6.0,_World
India,Projection-STEPS,EV sales share,2 and 3 wheelers,EV,2022,percent,5.9,Other
USA,Projection-STEPS,"Oil displacement, million lge",2 and 3 wheelers,EV,2022,"Oil displacement, million lge",5.8,Other
China,Projection-STEPS,EV stock share,Vans,EV,2024,percent,5.8,Other
China,Projection-STEPS,EV sales share,Cars,EV,2020,percent,5.7,Other
India,Projection-STEPS,EV sales share,Buses,EV,2024,percent,5.7,Other
Rest of the world,Projection-STEPS,EV sales share,Cars,EV,2024,percent,5.6,Other
World,Projection-STEPS,EV sales share,Buses,EV,2020,percent,5.6,_World
USA,Projection-STEPS,Battery demand,Vans,EV,2024,GWh,5.3,Other
Europe,Projection-STEPS,EV sales share,2 and 3 wheelers,EV,2020,percent,5.3,Aggregate_sales_stock
Europe,Projection-STEPS,EV sales share,Vans,EV,2024,percent,5.3,Aggregate_sales_stock
World,Projection-STEPS,EV sales share,Buses,EV,2022,percent,5.2,_World
Europe,Projection-STEPS,Battery demand,Vans,EV,2022,GWh,5.1,Aggregate_sales_stock
Europe,Projection-STEPS,EV sales share,Vans,EV,2022,percent,5.1,Aggregate_sales_stock
Europe,Projection-STEPS,EV stock,2 and 3 wheelers,PHEV,2022,Vehicles,5.0,Aggregate_sales_stock
Rest of the world,Projection-STEPS,EV stock,Trucks,FCEV,2021,Vehicles,5.0,Other
Rest of the world,Projection-STEPS,EV stock,Trucks,FCEV,2022,Vehicles,5.0,Other
China,Projection-STEPS,EV stock share,Cars,EV,2022,percent,5.0,Other
Europe,Projection-STEPS,EV stock share,Trucks,EV,2030,percent,5.0,Aggregate_sales_stock
Rest of the world,Projection-STEPS,EV stock share,Cars,EV,2030,percent,5.0,Other
World,Projection-STEPS,EV stock share,2 and 3 wheelers,EV,2020,percent,5.0,_World
World,Projection-STEPS,EV stock share,Buses,EV,2024,percent,4.9,_World
World,Projection-STEPS,EV sales share,Vans,EV,2023,percent,4.8,_World
Europe,Projection-STEPS,EV sales share,Buses,EV,2020,percent,4.7,Aggregate_sales_stock
Europe,Projection-STEPS,EV stock share,Cars,EV,2024,percent,4.7,Aggregate_sales_stock
USA,Projection-STEPS,EV sales share,Cars,EV,2021,percent,4.7,Other
World,Projection-STEPS,EV sales share,Buses,EV,2023,percent,4.7,_World
USA,Projection-STEPS,EV sales share,Buses,EV,2023,percent,4.6,Other
USA,Projection-STEPS,EV sales share,Vans,EV,2024,percent,4.6,Other
World,Projection-STEPS,EV sales share,Buses,EV,2021,percent,4.6,_World
USA,Projection-STEPS,"Oil displacement, million lge",2 and 3 wheelers,EV,2021,"Oil displacement, million lge",4.5,Other
World,Projection-STEPS,EV stock share,Cars,EV,2024,percent,4.5,_World
India,Projection-STEPS,Battery demand,2 and 3 wheelers,EV,2023,GWh,4.4,Other
China,Projection-STEPS,EV sales share,Trucks,EV,2024,percent,4.4,Other
World,Projection-STEPS,EV sales share,Cars,EV,2020,percent,4.4,_World
World,Projection-STEPS,EV stock share,Buses,EV,2023,percent,4.3,_World
India,Projection-STEPS,EV sales share,Buses,EV,2023,percent,4.2,Other
China,Projection-STEPS,EV sales share,Vans,EV,2021,percent,4.1,Other
Rest of the world,Projection-STEPS,EV sales share,Cars,EV,2023,percent,4.1,Other
Europe,Projection-STEPS,EV stock,2 and 3 wheelers,FCEV,2024,Vehicles,4.0,Aggregate_sales_stock
Europe,Projection-STEPS,EV sales,Trucks,PHEV,2020,Vehicles,4.0,Aggregate_sales_stock
Rest of the world,Projection-STEPS,EV stock,Buses,PHEV,2021,Vehicles,4.0,Other
India,Projection-STEPS,Battery demand,Vans,EV,2030,GWh,4.0,Other
USA,Projection-STEPS,Battery demand,Buses,EV,2030,GWh,4.0,Other
World,Projection-STEPS,Battery demand,Vans,EV,2020,GWh,3.9,_World
World,Projection-STEPS,EV stock share,Buses,EV,2022,percent,3.9,_World
Rest of the world,Projection-STEPS,Battery demand,Vans,EV,2023,GWh,3.8,Other
China,Projection-STEPS,EV stock share,Vans,EV,2023,percent,3.7,Other
World,Projection-STEPS,Oil displacement Mbd,Cars,EV,2030,Million barrels per day,3.6,_World
Europe,Projection-STEPS,EV stock share,Cars,EV,2023,percent,3.6,Aggregate_sales_stock
China,Projection-STEPS,Battery demand,Vans,EV,2021,GWh,3.5,Other
World,Projection-STEPS,EV stock share,Buses,EV,2021,percent,3.5,_World
World,Projection-STEPS,EV sales share,Vans,EV,2022,percent,3.5,_World
Europe,Projection-STEPS,Battery demand,2 and 3 wheelers,EV,2030,GWh,3.4,Aggregate_sales_stock
India,Projection-STEPS,Battery demand,Cars,EV,2024,GWh,3.2,Other
World,Projection-STEPS,EV stock share,Cars,EV,2023,percent,3.2,_World
World,Projection-STEPS,EV stock share,Buses,EV,2020,percent,3.1,_World
China,Projection-STEPS,EV sales,Vans,FCEV,2021,Vehicles,3.0,Other
China,Projection-STEPS,EV stock,Vans,FCEV,2021,Vehicles,3.0,Other
Europe,Projection-STEPS,EV sales,2 and 3 wheelers,PHEV,2022,Vehicles,3.0,Aggregate_sales_stock
Europe,Projection-STEPS,EV sales,Vans,FCEV,2022,Vehicles,3.0,Aggregate_sales_stock
India,Projection-STEPS,EV stock,Cars,FCEV,2022,Vehicles,3.0,Other
India,Projection-STEPS,EV stock,Cars,FCEV,2023,Vehicles,3.0,Other
India,Projection-STEPS,EV stock,Cars,FCEV,2024,Vehicles,3.0,Other
World,Projection-STEPS,EV sales,2 and 3 wheelers,FCEV,2021,Vehicles,3.0,_World
World,Projection-STEPS,EV sales,2 and 3 wheelers,PHEV,2022,Vehicles,3.0,_World
World,Projection-STEPS,EV stock,2 and 3 wheelers,PHEV,2021,Vehicles,3.0,_World
China,Projection-STEPS,EV stock share,Cars,EV,2021,percent,3.0,Other
India,Projection-STEPS,EV stock share,Cars,EV,2030,percent,3.0,Other
Rest of the world,Projection-STEPS,EV stock share,Buses,EV,2030,percent,3.0,Other
World,Projection-STEPS,EV stock share,Trucks,EV,2030,percent,3.0,_World
Rest of the world,Projection-STEPS,"Oil displacement, million lge",Trucks,EV,2020,"Oil displacement, million lge",2.9,Other
USA,Projection-STEPS,"Oil displacement, million lge",2 and 3 wheelers,EV,2020,"Oil displacement, million lge",2.9,Other
Europe,Projection-STEPS,Battery demand,Vans,EV,2021,GWh,2.9,Aggregate_sales_stock
Europe,Projection-STEPS,Battery demand,Buses,EV,2024,GWh,2.9,Aggregate_sales_stock
India,Projection-STEPS,Battery demand,2 and 3 wheelers,EV,2022,GWh,2.9,Other
Rest of the world,Projection-STEPS,Battery demand,Vans,EV,2022,GWh,2.9,Other
USA,Projection-STEPS,EV sales share,Vans,EV,2023,percent,2.9,Other
India,Projection-STEPS,Battery demand,Cars,EV,2023,GWh,2.8,Other
Europe,Projection-STEPS,EV sales share,Vans,EV,2021,percent,2.8,Aggregate_sales_stock
India,Projection-STEPS,EV stock share,2 and 3 wheelers,EV,2024,percent,2.8,Other
USA,Projection-STEPS,EV sales share,Buses,EV,2024,percent,2.8,Other
Rest of the world,Projection-STEPS,EV sales share,Cars,EV,2022,percent,2.7,Other
USA,Projection-STEPS,EV stock share,Cars,EV,2024,percent,2.7,Other
China,Projection-STEPS,EV stock share,Vans,EV,2022,percent,2.6,Other
Europe,Projection-STEPS,EV stock share,2 and 3 wheelers,EV,2024,percent,2.6,Aggregate_sales_stock
Europe,Projection-STEPS,Battery demand,Buses,EV,2023,GWh,2.5,Aggregate_sales_stock
Europe,Projection-STEPS,EV stock share,Cars,EV,2022,percent,2.5,Aggregate_sales_stock
Europe,Projection-STEPS,Battery demand,Trucks,EV,2024,GWh,2.4,Aggregate_sales_stock
Rest of the world,Projection-STEPS,Battery demand,Vans,EV,2024,GWh,2.3,Other
World,Projection-STEPS,Battery demand,Trucks,EV,2020,GWh,2.3,_World
World,Projection-STEPS,Battery demand,Trucks,EV,2021,GWh,2.3,_World
Europe,Projection-STEPS,EV sales share,Trucks,EV,2024,percent,2.3,Aggregate_sales_stock
Rest of the world,Projection-STEPS,EV sales share,2 and 3 wheelers,EV,2022,percent,2.3,Other
Rest of the world,Projection-STEPS,EV sales share,2 and 3 wheelers,EV,2024,percent,2.3,Other
USA,Projection-STEPS,EV sales share,Cars,EV,2020,percent,2.3,Other
China,Projection-STEPS,EV sales share,Trucks,EV,2023,percent,2.2,Other
Europe,Projection-STEPS,EV stock share,Buses,EV,2024,percent,2.2,Aggregate_sales_stock
Rest of the world,Projection-STEPS,EV sales share,2 and 3 wheelers,EV,2023,percent,2.2,Other
Rest of the world,Projection-STEPS,Battery demand,Buses,EV,2024,GWh,2.1,Other
Europe,Projection-STEPS,EV stock share,2 and 3 wheelers,EV,2023,percent,2.1,Aggregate_sales_stock
India,Projection-STEPS,EV sales share,2 and 3 wheelers,EV,2021,percent,2.1,Other
India,Projection-STEPS,EV stock share,2 and 3 wheelers,EV,2023,percent,2.1,Other
India,Projection-STEPS,EV sales share,Cars,EV,2023,percent,2.1,Other
India,Projection-STEPS,EV sales share,Cars,EV,2024,percent,2.1,Other
Rest of the world,Projection-STEPS,EV sales share,2 and 3 wheelers,EV,2021,percent,2.1,Other
USA,Projection-STEPS,EV stock share,Cars,EV,2023,percent,2.1,Other
World,Projection-STEPS,EV stock share,Cars,EV,2022,percent,2.1,_World
Europe,Projection-STEPS,EV sales,2 and 3 wheelers,PHEV,2021,Vehicles,2.0,Aggregate_sales_stock
Europe,Projection-STEPS,EV stock,2 and 3 wheelers,PHEV,2021,Vehicles,2.0,Aggregate_sales_stock
India,Projection-STEPS,EV sales,Buses,FCEV,2023,Vehicles,2.0,Other
India,Projection-STEPS,EV sales,Cars,FCEV,2022,Vehicles,2.0,Other
Rest of the world,Projection-STEPS,EV sales,2 and 3 wheelers,FCEV,2021,Vehicles,2.0,Other
Rest of the world,Projection-STEPS,EV stock,2 and 3 wheelers,FCEV,2021,Vehicles,2.0,Other
Rest of the world,Projection-STEPS,EV stock,2 and 3 wheelers,FCEV,2022,Vehicles,2.0,Other
Rest of the world,Projection-STEPS,EV stock,2 and 3 wheelers,FCEV,2023,Vehicles,2.0,Other
Rest of the world,Projection-STEPS,EV stock,2 and 3 wheelers,FCEV,2024,Vehicles,2.0,Other
Rest of the world,Projection-STEPS,EV sales,Buses,PHEV,2021,Vehicles,2.0,Other
Rest of the world,Projection-STEPS,EV stock,Buses,PHEV,2020,Vehicles,2.0,Other
World,Projection-STEPS,EV sales,2 and 3 wheelers,PHEV,2021,Vehicles,2.0,_World
China,Projection-STEPS,Oil displacement Mbd,Cars,EV,2030,Million barrels per day,2.0,Other
China,Projection-STEPS,Battery demand,Trucks,EV,2020,GWh,2.0,Other
India,Projection-STEPS,Battery demand,Trucks,EV,2030,GWh,2.0,Other
India,Projection-STEPS,Battery demand,Trucks,EV,2030,GWh,2.0,Other
Rest of the world,Projection-STEPS,Battery demand,2 and 3 wheelers,EV,2024,GWh,2.0,Other
China,Projection-STEPS,EV stock share,Vans,EV,2021,percent,2.0,Other
Europe,Projection-STEPS,EV sales share,Vans,EV,2020,percent,2.0,Aggregate_sales_stock
Europe,Projection-STEPS,EV sales share,Trucks,EV,2023,percent,2.0,Aggregate_sales_stock
India,Projection-STEPS,EV sales share,Trucks,EV,2030,percent,2.0,Other
India,Projection-STEPS,EV sales share,Trucks,EV,2030,percent,2.0,Other
India,Projection-STEPS,EV stock share,Vans,EV,2030,percent,2.0,Other
Rest of the world,Projection-STEPS,EV sales share,Trucks,EV,2030,percent,2.0,Other
Rest of the world,Projection-STEPS,EV stock share,Vans,EV,2030,percent,2.0,Other
China,Projection-STEPS,Battery demand,Trucks,EV,2021,GWh,1.9,Other
Europe,Projection-STEPS,Battery demand,Trucks,EV,2023,GWh,1.9,Aggregate_sales_stock
Rest of the world,Projection-STEPS,Battery demand,Vans,EV,2021,GWh,1.9,Other
Rest of the world,Projection-STEPS,Battery demand,Buses,EV,2023,GWh,1.9,Other
China,Projection-STEPS,EV stock share,Cars,EV,2020,percent,1.9,Other
China,Projection-STEPS,EV sales share,Trucks,EV,2022,percent,1.9,Other
Rest of the world,Projection-STEPS,EV sales share,2 and 3 wheelers,EV,2020,percent,1.9,Other
Rest of the world,Projection-STEPS,Battery demand,2 and 3 wheelers,EV,2022,GWh,1.8,Other
Europe,Projection-STEPS,EV stock share,Cars,EV,2021,percent,1.8,Aggregate_sales_stock
World,Projection-STEPS,EV sales share,Vans,EV,2021,percent,1.8,_World
Rest of the world,Projection-STEPS,Battery demand,2 and 3 wheelers,EV,2023,GWh,1.7,Other
China,Projection-STEPS,EV stock share,Vans,EV,2020,percent,1.7,Other
Europe,Projection-STEPS,EV stock share,2 and 3 wheelers,EV,2022,percent,1.7,Aggregate_sales_stock
USA,Projection-STEPS,EV sales share,2 and 3 wheelers,EV,2020,percent,1.7,Other
World,Projection-STEPS,EV sales share,Trucks,EV,2024,percent,1.7,_World
Europe,Projection-STEPS,Battery demand,Buses,EV,2022,GWh,1.6,Aggregate_sales_stock
India,Projection-STEPS,Battery demand,Cars,EV,2022,GWh,1.6,Other
Rest of the world,Projection-STEPS,Battery demand,2 and 3 wheelers,EV,2021,GWh,1.6,Other
Rest of the world,Projection-STEPS,Battery demand,Buses,EV,2022,GWh,1.6,Other
Europe,Projection-STEPS,EV stock share,Buses,EV,2023,percent,1.6,Aggregate_sales_stock
Rest of the world,Projection-STEPS,EV sales share,Cars,EV,2021,percent,1.6,Other
USA,Projection-STEPS,EV sales share,2 and 3 wheelers,EV,2021,percent,1.6,Other
USA,Projection-STEPS,EV sales share,2 and 3 wheelers,EV,2022,percent,1.6,Other
Europe,Projection-STEPS,Battery demand,Vans,EV,2020,GWh,1.5,Aggregate_sales_stock
USA,Projection-STEPS,Battery demand,Vans,EV,2023,GWh,1.5,Other
India,Projection-STEPS,EV stock share,2 and 3 wheelers,EV,2022,percent,1.5,Other
China,Projection-STEPS,EV sales share,Vans,EV,2020,percent,1.4,Other
Europe,Projection-STEPS,EV stock share,Vans,EV,2024,percent,1.4,Aggregate_sales_stock
India,Projection-STEPS,EV sales share,Cars,EV,2022,percent,1.4,Other
Rest of the world,Projection-STEPS,EV sales share,Vans,EV,2023,percent,1.4,Other
USA,Projection-STEPS,EV stock share,Cars,EV,2022,percent,1.4,Other
World,Projection-STEPS,EV stock share,Cars,EV,2021,percent,1.4,_World
China,Projection-STEPS,Battery demand,Vans,EV,2020,GWh,1.3,Other
Europe,Projection-STEPS,Battery demand,Buses,EV,2021,GWh,1.3,Aggregate_sales_stock
Rest of the world,Projection-STEPS,Battery demand,2 and 3 wheelers,EV,2020,GWh,1.3,Other
Europe,Projection-STEPS,EV stock share,2 and 3 wheelers,EV,2021,percent,1.3,Aggregate_sales_stock
India,Projection-STEPS,EV stock share,2 and 3 wheelers,EV,2021,percent,1.3,Other
USA,Projection-STEPS,EV sales share,2 and 3 wheelers,EV,2023,percent,1.3,Other
World,Projection-STEPS,EV stock share,Vans,EV,2024,percent,1.3,_World
China,Projection-STEPS,EV stock share,Trucks,EV,2024,percent,1.2,Other
Rest of the world,Projection-STEPS,EV sales share,Vans,EV,2022,percent,1.2,Other
Rest of the world,Projection-STEPS,EV sales share,Vans,EV,2024,percent,1.2,Other
USA,Projection-STEPS,EV sales share,2 and 3 wheelers,EV,2024,percent,1.2,Other
Europe,Projection-STEPS,EV stock share,Buses,EV,2022,percent,1.1,Aggregate_sales_stock
Europe,Projection-STEPS,EV stock share,Vans,EV,2023,percent,1.1,Aggregate_sales_stock
Europe,Projection-STEPS,EV stock share,Cars,EV,2020,percent,1.1,Aggregate_sales_stock
India,Projection-STEPS,EV stock share,2 and 3 wheelers,EV,2020,percent,1.1,Other
India,Projection-STEPS,EV sales share,Vans,EV,2024,percent,1.1,Other
Rest of the world,Projection-STEPS,EV stock share,2 and 3 wheelers,EV,2024,percent,1.1,Other
USA,Projection-STEPS,EV sales share,Buses,EV,2022,percent,1.1,Other
USA,Projection-STEPS,EV stock share,Buses,EV,2024,percent,1.1,Other
USA,Projection-STEPS,EV sales share,Vans,EV,2022,percent,1.1,Other
China,Projection-STEPS,EV sales,Vans,PHEV,2020,Vehicles,1.0,Other
Europe,Projection-STEPS,EV sales,2 and 3 wheelers,FCEV,2020,Vehicles,1.0,Aggregate_sales_stock
Europe,Projection-STEPS,EV sales,2 and 3 wheelers,FCEV,2021,Vehicles,1.0,Aggregate_sales_stock
India,Projection-STEPS,EV sales,Cars,FCEV,2021,Vehicles,1.0,Other
India,Projection-STEPS,EV stock,Cars,FCEV,2021,Vehicles,1.0,Other
Rest of the world,Projection-STEPS,EV sales,2 and 3 wheelers,PHEV,2020,Vehicles,1.0,Other
Rest of the world,Projection-STEPS,EV stock,2 and 3 wheelers,PHEV,2020,Vehicles,1.0,Other
Rest of the world,Projection-STEPS,EV stock,2 and 3 wheelers,PHEV,2021,Vehicles,1.0,Other
Rest of the world,Projection-STEPS,EV stock,2 and 3 wheelers,PHEV,2022,Vehicles,1.0,Other
Rest of the world,Projection-STEPS,EV stock,2 and 3 wheelers,PHEV,2023,Vehicles,1.0,Other
Rest of the world,Projection-STEPS,EV stock,2 and 3 wheelers,PHEV,2024,Vehicles,1.0,Other
Rest of the world,Projection-STEPS,EV sales,Vans,FCEV,2024,Vehicles,1.0,Other
World,Projection-STEPS,EV sales,2 and 3 wheelers,FCEV,2020,Vehicles,1.0,_World
World,Projection-STEPS,EV sales,2 and 3 wheelers,PHEV,2020,Vehicles,1.0,_World
World,Projection-STEPS,EV stock,2 and 3 wheelers,PHEV,2020,Vehicles,1.0,_World
Rest of the world,Projection-STEPS,Battery demand,Vans,EV,2020,GWh,1.0,Other
Rest of the world,Projection-STEPS,EV stock share,2 and 3 wheelers,EV,2023,percent,1.0,Other
USA,Projection-STEPS,EV stock share,Trucks,EV,2030,percent,1.0,Other
World,Projection-STEPS,EV sales share,Trucks,EV,2023,percent,1.0,_World
World,Projection-STEPS,Oil displacement Mbd,Cars,EV,2024,Million barrels per day,0.99,_World
USA,Projection-STEPS,EV stock share,Cars,EV,2021,percent,0.97,Other
USA,Projection-STEPS,Battery demand,Buses,EV,2023,GWh,0.96,Other
China,Projection-STEPS,EV stock share,Trucks,EV,2023,percent,0.96,Other
India,Projection-STEPS,Battery demand,2 and 3 wheelers,EV,2021,GWh,0.95,Other
Rest of the world,Projection-STEPS,EV stock share,Cars,EV,2024,percent,0.95,Other
Europe,Projection-STEPS,EV stock share,2 and 3 wheelers,EV,2020,percent,0.93,Aggregate_sales_stock
World,Projection-STEPS,EV sales share,Vans,EV,2020,percent,0.93,_World
World,Projection-STEPS,EV stock share,Vans,EV,2023,percent,0.91,_World
Rest of the world,Projection-STEPS,EV stock share,2 and 3 wheelers,EV,2022,percent,0.9,Other
Rest of the world,Projection-STEPS,EV sales share,Cars,EV,2020,percent,0.87,Other
World,Projection-STEPS,EV stock share,Cars,EV,2020,percent,0.86,_World
China,Projection-STEPS,EV stock share,Trucks,EV,2022,percent,0.85,Other
Rest of the world,Projection-STEPS,EV sales share,Buses,EV,2023,percent,0.84,Other
USA,Projection-STEPS,EV stock share,Buses,EV,2023,percent,0.84,Other
India,Projection-STEPS,EV sales share,2 and 3 wheelers,EV,2020,percent,0.82,Other
Rest of the world,Projection-STEPS,EV sales share,Vans,EV,2021,percent,0.82,Other
India,Projection-STEPS,Battery demand,Buses,EV,2024,GWh,0.81,Other
Europe,Projection-STEPS,EV sales share,Trucks,EV,2022,percent,0.8,Aggregate_sales_stock
USA,Projection-STEPS,EV sales share,Buses,EV,2020,percent,0.8,Other
Rest of the world,Projection-STEPS,Battery demand,Buses,EV,2020,GWh,0.78,Other
Europe,Projection-STEPS,EV stock share,Buses,EV,2021,percent,0.78,Aggregate_sales_stock
USA,Projection-STEPS,EV stock share,Cars,EV,2020,percent,0.78,Other
China,Projection-STEPS,EV stock share,Trucks,EV,2020,percent,0.77,Other
Rest of the world,Projection-STEPS,EV stock share,2 and 3 wheelers,EV,2021,percent,0.77,Other
Rest of the world,Projection-STEPS,EV sales share,Buses,EV,2024,percent,0.77,Other
USA,Projection-STEPS,Battery demand,Vans,EV,2022,GWh,0.76,Other
China,Projection-STEPS,EV stock share,Trucks,EV,2021,percent,0.76,Other
Europe,Projection-STEPS,EV stock share,Vans,EV,2022,percent,0.76,Aggregate_sales_stock
World,Projection-STEPS,Oil displacement Mbd,Cars,EV,2023,Million barrels per day,0.74,_World
Rest of the world,Projection-STEPS,Battery demand,Buses,EV,2021,GWh,0.73,Other
Europe,Projection-STEPS,Battery demand,2 and 3 wheelers,EV,2024,GWh,0.7,Aggregate_sales_stock
World,Projection-STEPS,EV sales share,Trucks,EV,2022,percent,0.7,_World
Europe,Projection-STEPS,Battery demand,Buses,EV,2020,GWh,0.69,Aggregate_sales_stock
USA,Projection-STEPS,EV stock share,Vans,EV,2024,percent,0.67,Other
Rest of the world,Projection-STEPS,EV sales share,Buses,EV,2022,percent,0.66,Other
Europe,Projection-STEPS,Battery demand,Trucks,EV,2022,GWh,0.65,Aggregate_sales_stock
Rest of the world,Projection-STEPS,EV stock share,2 and 3 wheelers,EV,2020,percent,0.65,Other
World,Projection-STEPS,EV stock share,Vans,EV,2022,percent,0.65,_World
Rest of the world,Projection-STEPS,EV stock share,Cars,EV,2023,percent,0.63,Other
USA,Projection-STEPS,EV sales share,Buses,EV,2021,percent,0.63,Other
Europe,Projection-STEPS,Battery demand,2 and 3 wheelers,EV,2023,GWh,0.61,Aggregate_sales_stock
USA,Projection-STEPS,Battery demand,Buses,EV,2024,GWh,0.61,Other
India,Projection-STEPS,EV stock share,Buses,EV,2024,percent,0.61,Other
USA,Projection-STEPS,Oil displacement Mbd,Cars,EV,2030,Million barrels per day,0.6,Other
China,Projection-STEPS,EV sales share,Trucks,EV,2020,percent,0.6,Other
Europe,Projection-STEPS,EV stock share,Buses,EV,2020,percent,0.58,Aggregate_sales_stock
Europe,Projection-STEPS,EV stock share,Vans,EV,2021,percent,0.58,Aggregate_sales_stock
World,Projection-STEPS,Oil displacement Mbd,Trucks,EV,2030,Million barrels per day,0.57,_World
USA,Projection-STEPS,EV stock share,2 and 3 wheelers,EV,2024,percent,0.57,Other
Europe,Projection-STEPS,Battery demand,2 and 3 wheelers,EV,2022,GWh,0.56,Aggregate_sales_stock
Rest of the world,Projection-STEPS,Battery demand,Trucks,EV,2023,GWh,0.56,Other
India,Projection-STEPS,Battery demand,Buses,EV,2023,GWh,0.55,Other
Rest of the world,Projection-STEPS,Battery demand,Trucks,EV,2024,GWh,0.54,Other
Europe,Projection-STEPS,Oil displacement Mbd,Cars,EV,2030,Million barrels per day,0.52,Aggregate_sales_stock
Rest of the world,Projection-STEPS,EV sales share,Vans,EV,2020,percent,0.52,Other
China,Projection-STEPS,Oil displacement Mbd,Cars,EV,2024,Million barrels per day,0.51,Other
India,Projection-STEPS,Battery demand,Buses,EV,2020,GWh,0.51,Other
China,Projection-STEPS,EV sales share,Trucks,EV,2021,percent,0.5,Other
World,Projection-STEPS,EV stock share,Trucks,EV,2024,percent,0.5,_World
India,Projection-STEPS,EV stock share,Cars,EV,2024,percent,0.48,Other
USA,Projection-STEPS,EV stock share,2 and 3 wheelers,EV,2023,percent,0.48,Other
Rest of the world,Projection-STEPS,Oil displacement Mbd,Cars,EV,2030,Million barrels per day,0.47,Other
World,Projection-STEPS,Oil displacement Mbd,Cars,EV,2022,Million barrels per day,0.47,_World
India,Projection-STEPS,Battery demand,Buses,EV,2022,GWh,0.45,Other
USA,Projection-STEPS,EV stock share,Buses,EV,2022,percent,0.45,Other
World,Projection-STEPS,EV stock share,Vans,EV,2021,percent,0.45,_World
India,Projection-STEPS,EV stock share,Buses,EV,2023,percent,0.44,Other
Europe,Projection-STEPS,EV stock share,Vans,EV,2020,percent,0.43,Aggregate_sales_stock
Europe,Projection-STEPS,EV stock share,Trucks,EV,2024,percent,0.42,Aggregate_sales_stock
India,Projection-STEPS,EV sales share,Vans,EV,2021,percent,0.42,Other
USA,Projection-STEPS,EV stock share,2 and 3 wheelers,EV,2022,percent,0.42,Other
Europe,Projection-STEPS,EV sales share,Trucks,EV,2021,percent,0.41,Aggregate_sales_stock
India,Projection-STEPS,EV sales share,Cars,EV,2021,percent,0.41,Other
Rest of the world,Projection-STEPS,EV stock share,Cars,EV,2022,percent,0.41,Other
Rest of the world,Projection-STEPS,EV stock share,Trucks,EV,2030,percent,0.39,Other
World,Projection-STEPS,EV stock share,Trucks,EV,2023,percent,0.39,_World
World,Projection-STEPS,Oil displacement Mbd,Vans,EV,2030,Million barrels per day,0.38,_World
Europe,Projection-STEPS,Battery demand,2 and 3 wheelers,EV,2021,GWh,0.38,Aggregate_sales_stock
China,Projection-STEPS,Oil displacement Mbd,Cars,EV,2023,Million barrels per day,0.37,Other
India,Projection-STEPS,Battery demand,Cars,EV,2021,GWh,0.37,Other
India,Projection-STEPS,Battery demand,2 and 3 wheelers,EV,2020,GWh,0.36,Other
India,Projection-STEPS,EV stock share,Trucks,EV,2030,percent,0.36,Other
India,Projection-STEPS,EV stock share,Trucks,EV,2030,percent,0.36,Other
China,Projection-STEPS,Oil displacement Mbd,Trucks,EV,2030,Million barrels per day,0.35,Other
USA,Projection-STEPS,EV stock share,Buses,EV,2021,percent,0.35,Other
USA,Projection-STEPS,EV stock share,Vans,EV,2023,percent,0.35,Other
USA,Projection-STEPS,EV stock share,Buses,EV,2020,percent,0.34,Other
World,Projection-STEPS,EV stock share,Vans,EV,2020,percent,0.34,_World
World,Projection-STEPS,EV sales share,Trucks,EV,2020,percent,0.33,_World
World,Projection-STEPS,EV stock share,Trucks,EV,2022,percent,0.33,_World
India,Projection-STEPS,EV stock share,Buses,EV,2022,percent,0.32,Other
Rest of the world,Projection-STEPS,EV sales share,Buses,EV,2021,percent,0.32,Other
Rest of the world,Projection-STEPS,EV stock share,Vans,EV,2024,percent,0.32,Other
USA,Projection-STEPS,EV stock share,2 and 3 wheelers,EV,2021,percent,0.32,Other
India,Projection-STEPS,EV stock share,Cars,EV,2023,percent,0.31,Other
World,Projection-STEPS,Oil displacement Mbd,Cars,EV,2021,Million barrels per day,0.3,_World
World,Projection-STEPS,Oil displacement Mbd,2 and 3 wheelers,EV,2030,Million barrels per day,0.3,_World
Rest of the world,Projection-STEPS,EV sales share,Buses,EV,2020,percent,0.3,Other
World,Projection-STEPS,Oil displacement Mbd,Buses,EV,2030,Million barrels per day,0.29,_World
Europe,Projection-STEPS,Battery demand,2 and 3 wheelers,EV,2020,GWh,0.29,Aggregate_sales_stock
Europe,Projection-STEPS,EV sales share,Trucks,EV,2020,percent,0.29,Aggregate_sales_stock
Rest of the world,Projection-STEPS,EV stock share,Cars,EV,2021,percent,0.29,Other
World,Projection-STEPS,EV stock share,Trucks,EV,2021,percent,0.29,_World
India,Projection-STEPS,Battery demand,Buses,EV,2021,GWh,0.28,Other
Rest of the world,Projection-STEPS,Battery demand,Trucks,EV,2022,GWh,0.28,Other
Rest of the world,Projection-STEPS,EV stock share,Buses,EV,2024,percent,0.28,Other
USA,Projection-STEPS,EV stock share,2 and 3 wheelers,EV,2020,percent,0.28,Other
World,Projection-STEPS,EV stock share,Trucks,EV,2020,percent,0.28,_World
Europe,Projection-STEPS,Battery demand,Trucks,EV,2021,GWh,0.26,Aggregate_sales_stock
Rest of the world,Projection-STEPS,EV stock share,Vans,EV,2023,percent,0.26,Other
World,Projection-STEPS,EV sales share,Trucks,EV,2021,percent,0.26,_World
USA,Projection-STEPS,Battery demand,Buses,EV,2022,GWh,0.25,Other
Europe,Projection-STEPS,EV stock share,Trucks,EV,2023,percent,0.25,Aggregate_sales_stock
China,Projection-STEPS,Oil displacement Mbd,Cars,EV,2022,Million barrels per day,0.23,Other
India,Projection-STEPS,EV sales share,Vans,EV,2020,percent,0.23,Other
USA,Projection-STEPS,Oil displacement Mbd,Cars,EV,2024,Million barrels per day,0.22,Other
India,Projection-STEPS,EV stock share,Buses,EV,2021,percent,0.21,Other
Rest of the world,Projection-STEPS,EV stock share,Buses,EV,2023,percent,0.21,Other
Rest of the world,Projection-STEPS,EV stock share,Vans,EV,2022,percent,0.21,Other
Rest of the world,Projection-STEPS,EV stock share,Cars,EV,2020,percent,0.21,Other
Rest of the world,Projection-STEPS,EV sales share,Trucks,EV,2024,percent,0.2,Other
Europe,Projection-STEPS,Oil displacement Mbd,Cars,EV,2024,Million barrels per day,0.18,Aggregate_sales_stock
World,Projection-STEPS,Oil displacement Mbd,Cars,EV,2020,Million barrels per day,0.17,_World
USA,Projection-STEPS,Battery demand,Buses,EV,2020,GWh,0.17,Other
China,Projection-STEPS,Oil displacement Mbd,Buses,EV,2030,Million barrels per day,0.16,Other
USA,Projection-STEPS,Oil displacement Mbd,Cars,EV,2023,Million barrels per day,0.16,Other
India,Projection-STEPS,EV stock share,Cars,EV,2022,percent,0.16,Other
USA,Projection-STEPS,EV stock share,Vans,EV,2022,percent,0.16,Other
China,Projection-STEPS,Oil displacement Mbd,Cars,EV,2021,Million barrels per day,0.15,Other
Europe,Projection-STEPS,Oil displacement Mbd,Cars,EV,2023,Million barrels per day,0.15,Aggregate_sales_stock
Europe,Projection-STEPS,Oil displacement Mbd,Trucks,EV,2030,Million barrels per day,0.15,Aggregate_sales_stock
Europe,Projection-STEPS,Oil displacement Mbd,Vans,EV,2030,Million barrels per day,0.15,Aggregate_sales_stock
USA,Projection-STEPS,Battery demand,Buses,EV,2021,GWh,0.15,Other
India,Projection-STEPS,EV stock share,Buses,EV,2020,percent,0.15,Other
India,Projection-STEPS,EV stock share,Vans,EV,2024,percent,0.15,Other
Rest of the world,Projection-STEPS,EV sales share,Trucks,EV,2023,percent,0.15,Other
China,Projection-STEPS,Oil displacement Mbd,2 and 3 wheelers,EV,2030,Million barrels per day,0.14,Other
Europe,Projection-STEPS,Battery demand,Trucks,EV,2020,GWh,0.14,Aggregate_sales_stock
Rest of the world,Projection-STEPS,EV stock share,Buses,EV,2022,percent,0.14,Other
India,Projection-STEPS,Battery demand,Vans,EV,2024,GWh,0.13,Other
India,Projection-STEPS,EV sales share,Cars,EV,2020,percent,0.12,Other
USA,Projection-STEPS,Oil displacement Mbd,Cars,EV,2022,Million barrels per day,0.11,Other
World,Projection-STEPS,Oil displacement Mbd,2 and 3 wheelers,EV,2024,Million barrels per day,0.11,_World
India,Projection-STEPS,Battery demand,Cars,EV,2020,GWh,0.11,Other
USA,Projection-STEPS,Battery demand,2 and 3 wheelers,EV,2030,GWh,0.11,Other
World,Projection-STEPS,Oil displacement Mbd,2 and 3 wheelers,EV,2023,Million barrels per day,0.1,_World
India,Projection-STEPS,Battery demand,Vans,EV,2021,GWh,0.1,Other
Rest of the world,Projection-STEPS,EV sales share,Trucks,EV,2022,percent,0.1,Other
Rest of the world,Projection-STEPS,EV stock share,Vans,EV,2021,percent,0.099,Other
Europe,Projection-STEPS,Oil displacement Mbd,Cars,EV,2022,Million barrels per day,0.098,Aggregate_sales_stock
India,Projection-STEPS,EV sales share,Vans,EV,2022,percent,0.098,Other
China,Projection-STEPS,Oil displacement Mbd,Vans,EV,2030,Million barrels per day,0.096,Other
China,Projection-STEPS,Oil displacement Mbd,2 and 3 wheelers,EV,2024,Million barrels per day,0.09,Other
India,Projection-STEPS,EV stock share,Vans,EV,2022,percent,0.088,Other
India,Projection-STEPS,EV stock share,Vans,EV,2023,percent,0.087,Other
India,Projection-STEPS,EV stock share,Vans,EV,2021,percent,0.086,Other
China,Projection-STEPS,Oil displacement Mbd,2 and 3 wheelers,EV,2023,Million barrels per day,0.084,Other
World,Projection-STEPS,Oil displacement Mbd,Trucks,EV,2024,Million barrels per day,0.08,_World
Rest of the world,Projection-STEPS,Oil displacement Mbd,Vans,EV,2030,Million barrels per day,0.079,Other
Rest of the world,Projection-STEPS,EV stock share,Buses,EV,2021,percent,0.079,Other
World,Projection-STEPS,Oil displacement Mbd,2 and 3 wheelers,EV,2021,Million barrels per day,0.077,_World
China,Projection-STEPS,Oil displacement Mbd,Cars,EV,2020,Million barrels per day,0.076,Other
Rest of the world,Projection-STEPS,Oil displacement Mbd,Cars,EV,2024,Million barrels per day,0.076,Other
World,Projection-STEPS,Oil displacement Mbd,2 and 3 wheelers,EV,2022,Million barrels per day,0.075,_World
India,Projection-STEPS,Oil displacement Mbd,2 and 3 wheelers,EV,2030,Million barrels per day,0.073,Other
World,Projection-STEPS,Oil displacement Mbd,Buses,EV,2024,Million barrels per day,0.072,_World
Rest of the world,Projection-STEPS,Oil displacement Mbd,2 and 3 wheelers,EV,2030,Million barrels per day,0.071,Other
USA,Projection-STEPS,Oil displacement Mbd,Cars,EV,2021,Million barrels per day,0.07,Other
China,Projection-STEPS,Oil displacement Mbd,2 and 3 wheelers,EV,2021,Million barrels per day,0.068,Other
China,Projection-STEPS,Oil displacement Mbd,Trucks,EV,2024,Million barrels per day,0.068,Other
World,Projection-STEPS,Oil displacement Mbd,Buses,EV,2023,Million barrels per day,0.067,_World
World,Projection-STEPS,Oil displacement Mbd,Vans,EV,2024,Million barrels per day,0.067,_World
Europe,Projection-STEPS,Oil displacement Mbd,Cars,EV,2021,Million barrels per day,0.066,Aggregate_sales_stock
India,Projection-STEPS,EV stock share,Vans,EV,2020,percent,0.066,Other
India,Projection-STEPS,EV sales share,Vans,EV,2023,percent,0.064,Other
China,Projection-STEPS,Oil displacement Mbd,2 and 3 wheelers,EV,2022,Million barrels per day,0.063,Other
World,Projection-STEPS,Oil displacement Mbd,Trucks,EV,2023,Million barrels per day,0.063,_World
Rest of the world,Projection-STEPS,Oil displacement Mbd,Buses,EV,2030,Million barrels per day,0.062,Other
World,Projection-STEPS,Oil displacement Mbd,Buses,EV,2022,Million barrels per day,0.061,_World
Europe,Projection-STEPS,EV stock share,Trucks,EV,2022,percent,0.061,Aggregate_sales_stock
Rest of the world,Projection-STEPS,Battery demand,Trucks,EV,2021,GWh,0.058,Other
China,Projection-STEPS,Oil displacement Mbd,Buses,EV,2024,Million barrels per day,0.057,Other
World,Projection-STEPS,Oil displacement Mbd,2 and 3 wheelers,EV,2020,Million barrels per day,0.057,_World
China,Projection-STEPS,Oil displacement Mbd,Buses,EV,2023,Million barrels per day,0.056,Other
China,Projection-STEPS,Oil displacement Mbd,Trucks,EV,2023,Million barrels per day,0.056,Other
World,Projection-STEPS,Oil displacement Mbd,Trucks,EV,2022,Million barrels per day,0.056,_World
India,Projection-STEPS,EV stock share,Cars,EV,2021,percent,0.055,Other
China,Projection-STEPS,Oil displacement Mbd,Buses,EV,2022,Million barrels per day,0.054,Other
World,Projection-STEPS,Oil displacement Mbd,Buses,EV,2021,Million barrels per day,0.054,_World
USA,Projection-STEPS,EV stock share,Vans,EV,2021,percent,0.054,Other
China,Projection-STEPS,Oil displacement Mbd,Trucks,EV,2022,Million barrels per day,0.053,Other
Rest of the world,Projection-STEPS,Oil displacement Mbd,Cars,EV,2023,Million barrels per day,0.052,Other
India,Projection-STEPS,Battery demand,Vans,EV,2020,GWh,0.051,Other
Rest of the world,Projection-STEPS,EV stock share,Buses,EV,2020,percent,0.051,Other
China,Projection-STEPS,Oil displacement Mbd,2 and 3 wheelers,EV,2020,Million barrels per day,0.05,Other
China,Projection-STEPS,Oil displacement Mbd,Buses,EV,2021,Million barrels per day,0.049,Other
USA,Projection-STEPS,EV stock share,Vans,EV,2020,percent,0.049,Other
USA,Projection-STEPS,Oil displacement Mbd,Trucks,EV,2030,Million barrels per day,0.047,Other
World,Projection-STEPS,Oil displacement Mbd,Buses,EV,2020,Million barrels per day,0.047,_World
Rest of the world,Projection-STEPS,EV stock share,Vans,EV,2020,percent,0.047,Other
USA,Projection-STEPS,Oil displacement Mbd,Vans,EV,2030,Million barrels per day,0.046,Other
World,Projection-STEPS,Oil displacement Mbd,Vans,EV,2023,Million barrels per day,0.045,_World
China,Projection-STEPS,Oil displacement Mbd,Buses,EV,2020,Million barrels per day,0.044,Other
Europe,Projection-STEPS,Oil displacement Mbd,Buses,EV,2030,Million barrels per day,0.044,Aggregate_sales_stock
India,Projection-STEPS,Oil displacement Mbd,Cars,EV,2030,Million barrels per day,0.044,Other
USA,Projection-STEPS,Oil displacement Mbd,Cars,EV,2020,Million barrels per day,0.044,Other
Rest of the world,Projection-STEPS,EV stock share,Trucks,EV,2024,percent,0.038,Other
World,Projection-STEPS,Oil displacement Mbd,Trucks,EV,2021,Million barrels per day,0.036,_World
China,Projection-STEPS,Oil displacement Mbd,Trucks,EV,2021,Million barrels per day,0.035,Other
Europe,Projection-STEPS,Oil displacement Mbd,Cars,EV,2020,Million barrels per day,0.035,Aggregate_sales_stock
World,Projection-STEPS,Oil displacement Mbd,Trucks,EV,2020,Million barrels per day,0.033,_World
India,Projection-STEPS,Battery demand,Vans,EV,2022,GWh,0.033,Other
China,Projection-STEPS,Oil displacement Mbd,Trucks,EV,2020,Million barrels per day,0.032,Other
Rest of the world,Projection-STEPS,Oil displacement Mbd,Cars,EV,2022,Million barrels per day,0.03,Other
World,Projection-STEPS,Oil displacement Mbd,Vans,EV,2022,Million barrels per day,0.03,_World
Europe,Projection-STEPS,EV stock share,Trucks,EV,2021,percent,0.03,Aggregate_sales_stock
USA,Projection-STEPS,Battery demand,2 and 3 wheelers,EV,2022,GWh,0.029,Other
India,Projection-STEPS,EV stock share,Cars,EV,2020,percent,0.029,Other
China,Projection-STEPS,Oil displacement Mbd,Vans,EV,2024,Million barrels per day,0.028,Other
USA,Projection-STEPS,Battery demand,2 and 3 wheelers,EV,2021,GWh,0.027,Other
Rest of the world,Projection-STEPS,Oil displacement Mbd,Trucks,EV,2030,Million barrels per day,0.024,Other
USA,Projection-STEPS,Battery demand,2 and 3 wheelers,EV,2020,GWh,0.024,Other
USA,Projection-STEPS,Battery demand,2 and 3 wheelers,EV,2023,GWh,0.023,Other
Rest of the world,Projection-STEPS,EV sales share,Trucks,EV,2021,percent,0.023,Other
Europe,Projection-STEPS,Oil displacement Mbd,Vans,EV,2024,Million barrels per day,0.022,Aggregate_sales_stock
USA,Projection-STEPS,Battery demand,2 and 3 wheelers,EV,2024,GWh,0.022,Other
India,Projection-STEPS,Oil displacement Mbd,Buses,EV,2030,Million barrels per day,0.021,Other
Rest of the world,Projection-STEPS,EV stock share,Trucks,EV,2023,percent,0.02,Other
Rest of the world,Projection-STEPS,Oil displacement Mbd,Cars,EV,2021,Million barrels per day,0.019,Other
World,Projection-STEPS,Oil displacement Mbd,Vans,EV,2021,Million barrels per day,0.019,_World
Europe,Projection-STEPS,Oil displacement Mbd,Vans,EV,2023,Million barrels per day,0.018,Aggregate_sales_stock
China,Projection-STEPS,Oil displacement Mbd,Vans,EV,2023,Million barrels per day,0.015,Other
Rest of the world,Projection-STEPS,Battery demand,Trucks,EV,2020,GWh,0.014,Other
Europe,Projection-STEPS,Oil displacement Mbd,Vans,EV,2022,Million barrels per day,0.013,Aggregate_sales_stock
Europe,Projection-STEPS,EV stock share,Trucks,EV,2020,percent,0.013,Aggregate_sales_stock
Rest of the world,Projection-STEPS,Oil displacement Mbd,Cars,EV,2020,Million barrels per day,0.012,Other
World,Projection-STEPS,Oil displacement Mbd,Vans,EV,2020,Million barrels per day,0.012,_World
India,Projection-STEPS,Oil displacement Mbd,2 and 3 wheelers,EV,2024,Million barrels per day,0.01,Other
Rest of the world,Projection-STEPS,Oil displacement Mbd,Vans,EV,2024,Million barrels per day,0.01,Other
Rest of the world,Projection-STEPS,Oil displacement Mbd,2 and 3 wheelers,EV,2024,Million barrels per day,0.0098,Other
India,Projection-STEPS,Battery demand,Vans,EV,2023,GWh,0.0098,Other
China,Projection-STEPS,Oil displacement Mbd,Vans,EV,2022,Million barrels per day,0.0097,Other
Rest of the world,Projection-STEPS,EV stock share,Trucks,EV,2022,percent,0.0095,Other
Europe,Projection-STEPS,Oil displacement Mbd,Vans,EV,2021,Million barrels per day,0.0092,Aggregate_sales_stock
Rest of the world,Projection-STEPS,Oil displacement Mbd,Vans,EV,2023,Million barrels per day,0.0088,Other
Rest of the world,Projection-STEPS,Oil displacement Mbd,2 and 3 wheelers,EV,2023,Million barrels per day,0.0086,Other
India,Projection-STEPS,Oil displacement Mbd,Vans,EV,2030,Million barrels per day,0.0085,Other
Europe,Projection-STEPS,Oil displacement Mbd,Trucks,EV,2024,Million barrels per day,0.0083,Aggregate_sales_stock
Rest of the world,Projection-STEPS,Oil displacement Mbd,2 and 3 wheelers,EV,2022,Million barrels per day,0.0075,Other
Europe,Projection-STEPS,Oil displacement Mbd,Buses,EV,2024,Million barrels per day,0.0071,Aggregate_sales_stock
Europe,Projection-STEPS,Oil displacement Mbd,2 and 3 wheelers,EV,2030,Million barrels per day,0.007,Aggregate_sales_stock
USA,Projection-STEPS,Oil displacement Mbd,Buses,EV,2030,Million barrels per day,0.007,Other
China,Projection-STEPS,Oil displacement Mbd,Vans,EV,2021,Million barrels per day,0.0066,Other
India,Projection-STEPS,Oil displacement Mbd,2 and 3 wheelers,EV,2023,Million barrels per day,0.0065,Other
USA,Projection-STEPS,Oil displacement Mbd,Vans,EV,2024,Million barrels per day,0.0063,Other
Rest of the world,Projection-STEPS,Oil displacement Mbd,2 and 3 wheelers,EV,2021,Million barrels per day,0.0062,Other
Europe,Projection-STEPS,Oil displacement Mbd,Vans,EV,2020,Million barrels per day,0.0061,Aggregate_sales_stock
Rest of the world,Projection-STEPS,Oil displacement Mbd,Vans,EV,2022,Million barrels per day,0.0061,Other
Europe,Projection-STEPS,Oil displacement Mbd,Buses,EV,2023,Million barrels per day,0.0052,Aggregate_sales_stock
Rest of the world,Projection-STEPS,Oil displacement Mbd,2 and 3 wheelers,EV,2020,Million barrels per day,0.0051,Other
Europe,Projection-STEPS,Oil displacement Mbd,Trucks,EV,2023,Million barrels per day,0.0049,Aggregate_sales_stock
Rest of the world,Projection-STEPS,EV sales share,Trucks,EV,2020,percent,0.0048,Other
Rest of the world,Projection-STEPS,Oil displacement Mbd,Buses,EV,2024,Million barrels per day,0.0047,Other
India,Projection-STEPS,Oil displacement Mbd,Cars,EV,2024,Million barrels per day,0.0045,Other
China,Projection-STEPS,Oil displacement Mbd,Vans,EV,2020,Million barrels per day,0.0044,Other
India,Projection-STEPS,Oil displacement Mbd,Trucks,EV,2030,Million barrels per day,0.0039,Other
India,Projection-STEPS,Oil displacement Mbd,Trucks,EV,2030,Million barrels per day,0.0039,Other
India,Projection-STEPS,Oil displacement Mbd,2 and 3 wheelers,EV,2022,Million barrels per day,0.0038,Other
Rest of the world,Projection-STEPS,Oil displacement Mbd,Buses,EV,2023,Million barrels per day,0.0037,Other
Europe,Projection-STEPS,Oil displacement Mbd,Buses,EV,2022,Million barrels per day,0.0035,Aggregate_sales_stock
Rest of the world,Projection-STEPS,Oil displacement Mbd,Vans,EV,2021,Million barrels per day,0.0032,Other
India,Projection-STEPS,Oil displacement Mbd,Cars,EV,2023,Million barrels per day,0.0029,Other
Europe,Projection-STEPS,Oil displacement Mbd,Buses,EV,2021,Million barrels per day,0.0025,Aggregate_sales_stock
Rest of the world,Projection-STEPS,EV stock share,Trucks,EV,2021,percent,0.0025,Other
Rest of the world,Projection-STEPS,Oil displacement Mbd,Buses,EV,2022,Million barrels per day,0.0024,Other
Europe,Projection-STEPS,Oil displacement Mbd,Trucks,EV,2022,Million barrels per day,0.0022,Aggregate_sales_stock
India,Projection-STEPS,Oil displacement Mbd,2 and 3 wheelers,EV,2021,Million barrels per day,0.0022,Other
USA,Projection-STEPS,Oil displacement Mbd,Vans,EV,2023,Million barrels per day,0.002,Other
India,Projection-STEPS,Oil displacement Mbd,Buses,EV,2024,Million barrels per day,0.0019,Other
USA,Projection-STEPS,Battery demand,Vans,EV,2021,GWh,0.0018,Other
Rest of the world,Projection-STEPS,Oil displacement Mbd,Trucks,EV,2024,Million barrels per day,0.0017,Other
Europe,Projection-STEPS,Oil displacement Mbd,2 and 3 wheelers,EV,2024,Million barrels per day,0.0016,Aggregate_sales_stock
India,Projection-STEPS,Oil displacement Mbd,2 and 3 wheelers,EV,2020,Million barrels per day,0.0016,Other
Europe,Projection-STEPS,Oil displacement Mbd,Buses,EV,2020,Million barrels per day,0.0015,Aggregate_sales_stock
USA,Projection-STEPS,EV sales share,Vans,EV,2021,percent,0.0015,Other
India,Projection-STEPS,Oil displacement Mbd,Cars,EV,2022,Million barrels per day,0.0014,Other
India,Projection-STEPS,Oil displacement Mbd,Buses,EV,2023,Million barrels per day,0.0014,Other
Europe,Projection-STEPS,Oil displacement Mbd,2 and 3 wheelers,EV,2023,Million barrels per day,0.0013,Aggregate_sales_stock
Rest of the world,Projection-STEPS,Oil displacement Mbd,Vans,EV,2020,Million barrels per day,0.0013,Other
Rest of the world,Projection-STEPS,Oil displacement Mbd,Buses,EV,2021,Million barrels per day,0.0013,Other
USA,Projection-STEPS,Oil displacement Mbd,Buses,EV,2024,Million barrels per day,0.0013,Other
USA,Projection-STEPS,Oil displacement Mbd,Buses,EV,2023,Million barrels per day,0.0011,Other
Europe,Projection-STEPS,Oil displacement Mbd,Trucks,EV,2021,Million barrels per day,0.001,Aggregate_sales_stock
India,Projection-STEPS,Oil displacement Mbd,Buses,EV,2022,Million barrels per day,0.001,Other
Rest of the world,Projection-STEPS,Oil displacement Mbd,Trucks,EV,2023,Million barrels per day,0.001,Other
Rest of the world,Projection-STEPS,EV stock share,Trucks,EV,2020,percent,0.00092,Other
Europe,Projection-STEPS,Oil displacement Mbd,2 and 3 wheelers,EV,2022,Million barrels per day,0.00087,Aggregate_sales_stock
Rest of the world,Projection-STEPS,Oil displacement Mbd,Buses,EV,2020,Million barrels per day,0.00081,Other
USA,Projection-STEPS,Oil displacement Mbd,Vans,EV,2022,Million barrels per day,0.00081,Other
India,Projection-STEPS,Oil displacement Mbd,Buses,EV,2021,Million barrels per day,0.0007,Other
Europe,Projection-STEPS,Oil displacement Mbd,2 and 3 wheelers,EV,2021,Million barrels per day,0.00059,Aggregate_sales_stock
USA,Projection-STEPS,Oil displacement Mbd,Buses,EV,2022,Million barrels per day,0.00056,Other
Europe,Projection-STEPS,Oil displacement Mbd,Trucks,EV,2020,Million barrels per day,0.00054,Aggregate_sales_stock
India,Projection-STEPS,Oil displacement Mbd,Vans,EV,2024,Million barrels per day,0.00053,Other
Rest of the world,Projection-STEPS,Oil displacement Mbd,Trucks,EV,2022,Million barrels per day,0.00052,Other
India,Projection-STEPS,Oil displacement Mbd,Buses,EV,2020,Million barrels per day,0.00051,Other
USA,Projection-STEPS,Oil displacement Mbd,Buses,EV,2021,Million barrels per day,0.00041,Other
Europe,Projection-STEPS,Oil displacement Mbd,2 and 3 wheelers,EV,2020,Million barrels per day,0.0004,Aggregate_sales_stock
India,Projection-STEPS,Oil displacement Mbd,Cars,EV,2021,Million barrels per day,0.00038,Other
USA,Projection-STEPS,Oil displacement Mbd,2 and 3 wheelers,EV,2030,Million barrels per day,0.00035,Other
USA,Projection-STEPS,Oil displacement Mbd,Buses,EV,2020,Million barrels per day,0.00034,Other
India,Projection-STEPS,Oil displacement Mbd,Vans,EV,2022,Million barrels per day,0.00027,Other
India,Projection-STEPS,Oil displacement Mbd,Vans,EV,2023,Million barrels per day,0.00027,Other
India,Projection-STEPS,Oil displacement Mbd,Vans,EV,2021,Million barrels per day,0.00025,Other
USA,Projection-STEPS,Oil displacement Mbd,Vans,EV,2020,Million barrels per day,0.00019,Other
India,Projection-STEPS,Oil displacement Mbd,Vans,EV,2020,Million barrels per day,0.00018,Other
USA,Projection-STEPS,Oil displacement Mbd,Vans,EV,2021,Million barrels per day,0.00017,Other
India,Projection-STEPS,Oil displacement Mbd,Cars,EV,2020,Million barrels per day,0.00016,Other
Rest of the world,Projection-STEPS,Oil displacement Mbd,Trucks,EV,2021,Million barrels per day,0.00014,Other
USA,Projection-STEPS,Oil displacement Mbd,2 and 3 wheelers,EV,2024,Million barrels per day,0.00013,Other
USA,Projection-STEPS,Oil displacement Mbd,2 and 3 wheelers,EV,2023,Million barrels per day,0.00012,Other
USA,Projection-STEPS,Oil displacement Mbd,2 and 3 wheelers,EV,2022,Million barrels per day,0.0001,Other
USA,Projection-STEPS,Oil displacement Mbd,2 and 3 wheelers,EV,2021,Million barrels per day,7.8e-05,Other
USA,Projection-STEPS,Oil displacement Mbd,2 and 3 wheelers,EV,2020,Million barrels per day,5e-05,Other
Rest of the world,Projection-STEPS,Oil displacement Mbd,Trucks,EV,2020,Million barrels per day,4.9e-05,Other
